benchmark,selected,solved,runtime
BV/2017-Preiner-scholl-smt08/RNDPRE/RNDPRE_3_37.smt2,YicesQS,1,0.24295049416832626
BV/2018-Preiner-cav18/check_bvugt_bvmul_32bit.smt2,YicesQS,1,0.2308567469008267
BV/20190429-UltimateAutomizerSvcomp2019/jain_2_true-unreach-call_true-no-overflow_false-termination.i_19.smt2,YicesQS,1,0.25896632205694914
BV/2018-Preiner-cav18/check_eq_bvadd_32bit.smt2,YicesQS,1,0.2262685999739915
BV/2017-Preiner-keymaera/intersection-example-simple.proof-node287501.smt2,Z3alpha,1,0.2786027421243489
BV/2017-Preiner-psyco/052.smt2,Z3alpha,1,0.41716508800163865
BV/20230321-UltimateAutomizerSvcomp2023/btor2c-eagerMod.vis_arrays_vsa16a_p6.c_5.smt2,cvc5,1,3.327350423904136
BV/2017-Preiner-psyco/094.smt2,Z3alpha,1,0.34866282413713634
BV/2017-Preiner-keymaera/intersection-example-simple.proof-node156170.smt2,Z3alpha,1,0.27160411700606346
BV/20230321-UltimateAutomizerSvcomp2023/soft_float_4-2a.c.cil.c_8.smt2,cvc5,1,80.35213767597452
BV/2017-Preiner-scholl-smt08/RND/RND_6_8.smt2,YicesQS,1,1.3773373290896416
BV/2017-Preiner-scholl-smt08/model/model_6_26.smt2,YicesQS,1,0.22444707597605884
BV/2017-Preiner-keymaera/intersection-example-simple.proof-node250605.smt2,Z3alpha,1,0.2692672519478947
BV/20190429-UltimateAutomizerSvcomp2019/jain_6_true-unreach-call_true-no-overflow_false-termination.i_6.smt2,YicesQS,1,0.24742844188585877
BV/20190429-UltimateAutomizerSvcomp2019/jain_2_true-unreach-call_true-no-overflow_false-termination.i_12.smt2,YicesQS,1,0.2508643069304526
BV/2017-Preiner-scholl-smt08/RND/RND_6_19.smt2,YicesQS,1,7.5732959599699825
BV/2018-Preiner-cav18/check_bvugt_bvudiv0_32bit.smt2,YicesQS,0,1201.737440566998
BV/2017-Preiner-keymaera/intersection-example-simple.proof-node156618.smt2,Z3alpha,1,0.26939176488667727
BV/2020-Preiner-fmcad20/inv/check_ic_concat_s_x_4.smt2,Bitwuzla,1,0.23181588295847178
BV/2018-Preiner-cav18/check_bvugt_bvconcat0_62_4bit.smt2,YicesQS,1,0.25202485802583396
BV/2018-Preiner-cav18/check_bvsgt_bvmul_32bit.smt2,YicesQS,1,0.2477332460694015
BV/2017-Preiner-scholl-smt08/RNDPRE/RNDPRE_4_33.smt2,YicesQS,1,15.135502826888114
BV/wintersteiger/fmsd13/ranking/input_mouser_detect.c.smt2,Bitwuzla,1,0.2638921260368079
BV/2017-Preiner-psyco/110.smt2,Z3alpha,1,0.3111602319404483
BV/2017-Preiner-scholl-smt08/model/model_5_33.smt2,YicesQS,1,0.3730963838752359
BV/20230321-UltimateAutomizerSvcomp2023/Primes.c_3.smt2,cvc5,1,0.22578117507509887
BV/2017-Preiner-scholl-smt08/RNDPRE/RNDPRE_3_20.smt2,YicesQS,1,0.2425296758301556
BV/2017-Preiner-keymaera/intersection-example-simple.proof-node57081.smt2,Z3alpha,1,0.27142598084174097
BV/2017-Preiner-keymaera/intersection-example-simple.proof-node254500.smt2,Z3alpha,1,0.28421211685054004
BV/2017-Preiner-scholl-smt08/RNDPRE/RNDPRE_4_38.smt2,YicesQS,0,1201.7207879670896
BV/2018-Preiner-cav18/check_bvslt_bvudiv0_32bit.smt2,YicesQS,1,0.2958057359792292
BV/llvm13-smtlib/03.smt2,cvc5,1,0.4363187288399786
BV/2017-Preiner-keymaera/intersection-example-simple.proof-node385461.smt2,Z3alpha,1,0.27346711908467114
BV/20210330-PEak/no-extern-loop_sat_subset/hard1.smt2,Z3alpha,0,0.5641099691856652
BV/wintersteiger/fmsd13/fixpoint/small-equiv-fixpoint-4.smt2,cvc5,1,0.24815833405591547
BV/wintersteiger/fmsd13/fixpoint/itc-b13-fixpoint-7.smt2,cvc5,1,0.4310551199596375
BV/2017-Preiner-keymaera/intersection-example-simple.proof-node189817.smt2,Z3alpha,1,0.27185576502233744
BV/2017-Preiner-keymaera/intersection-example-simple.proof-node271104.smt2,Z3alpha,1,0.2732680190820247
BV/2017-Preiner-scholl-smt08/RNDPRE/RNDPRE_3_54.smt2,YicesQS,1,0.4415093529969454
BV/20230321-UltimateAutomizerSvcomp2023/btor2c-eagerMod.bakery.1.prop1-func-interl.c_11.smt2,cvc5,1,0.2984269130975008
BV/2020-Preiner-fmcad20/cons/check_cc_bvslt_s_x_32.smt2,Bitwuzla,1,0.2414700211957097
BV/wintersteiger/fmsd13/ranking/audio_sysfx_swap.cpp.smt2,Bitwuzla,1,2.4464492339175195
BV/2017-Preiner-scholl-smt08/model/model_6_58.smt2,YicesQS,1,0.2772701901849359
BV/20210330-PEak/no-extern-loop_unsat_subset/easy.smt2,Z3alpha,1,0.6728021609596908
BV/2017-Preiner-keymaera/intersection-example-simple.proof-node459232.smt2,Z3alpha,1,0.2686258149333298
BV/20190429-UltimateAutomizerSvcomp2019/jain_6_true-unreach-call_true-no-overflow_false-termination.i_17.smt2,YicesQS,1,0.31655583810061216
BV/2017-Preiner-keymaera/intersection-example-simple.proof-node166425.smt2,Z3alpha,1,0.29594039102084935
BV/2017-Preiner-keymaera/intersection-example-simple.proof-node632840.smt2,Z3alpha,1,0.2757130099926144
BV/2017-Preiner-psyco/160.smt2,Z3alpha,1,0.34415579005144536
BV/2017-Preiner-scholl-smt08/model/model_5_36.smt2,YicesQS,1,0.6158385439775884
BV/2017-Preiner-scholl-smt08/RND/RND_3_9.smt2,YicesQS,1,0.2353805189486593
BV/2020-Preiner-fmcad20/inv/check_ic_sext_3_4.smt2,Bitwuzla,1,0.224375544115901
BV/wintersteiger/fmsd13/fixpoint/small-pipeline-fixpoint-9.smt2,cvc5,1,0.9155854268465191
BV/20210330-PEak/no-extern-loop_unsat_subset/hard.smt2,Z3alpha,0,0.5424077520146966
BV/2018-Preiner-cav18/check_bvult_bvadd_32bit.smt2,YicesQS,1,0.2540346209425479
BV/2017-Preiner-keymaera/vsl.proof-node2228.smt2,YicesQS,1,0.6892543381545693
BV/2020-Preiner-fmcad20/cons/check_cc_bvsge_s_x_32.smt2,Bitwuzla,1,0.25496574002318084
BV/2020-Preiner-fmcad20/inv/check_ic_sext_4_32.smt2,Bitwuzla,1,0.23491843394003808
BV/2018-Preiner-cav18/check_bvsle_bvlshr1_32bit.smt2,YicesQS,1,0.26539307506754994
BV/20170501-Heizmann-UltimateAutomizer/jain_6_true-unreach-call_true-no-overflow.i_340.smt2,cvc5,1,1.4066292131319642
BV/2017-Preiner-keymaera/intersection-example-onelane.proof-node19624.smt2,Z3alpha,1,1.407873670104891
BV/2018-Preiner-cav18/check_bvugt_bvudiv0_64bit.smt2,YicesQS,0,1201.7169529271778
BV/2017-Preiner-psyco/086.smt2,Z3alpha,1,0.46031684312038124
BV/20230321-UltimateAutomizerSvcomp2023/jain_4-1.c_2.smt2,cvc5,1,3.9701537541113794
BV/2017-Preiner-keymaera/train_goal6-node8607.smt2,Bitwuzla,1,0.6963964328169823
BV/2017-Preiner-keymaera/intersection-example-simple.proof-node621704.smt2,Z3alpha,1,0.2910331259481609
BV/2020-Preiner-fmcad20/cons/check_cc_bvlshr_x_s_4.smt2,Bitwuzla,1,0.2553583949338645
BV/2017-Preiner-scholl-smt08/RND/RND_4_27.smt2,YicesQS,0,1201.7223166630138
BV/2017-Preiner-scholl-smt08/RNDPRE/RNDPRE_3_10.smt2,YicesQS,1,0.2307571261189878
BV/2017-Preiner-psyco/041.smt2,Z3alpha,1,0.780589974950999
BV/20190429-UltimateAutomizerSvcomp2019/jain_7_true-unreach-call_true-no-overflow_false-termination.i_13.smt2,YicesQS,1,0.2690074839629233
BV/2017-Preiner-scholl-smt08/RNDPRE/RNDPRE_3_6.smt2,YicesQS,1,0.2811314919963479
BV/20210330-PEak/extern-loop_sat_subset/hard0.smt2,Z3alpha,0,0.4891434160526842
BV/2017-Preiner-keymaera/intersection-example-simple.proof-node489032.smt2,Z3alpha,1,0.2676962069235742
BV/2018-Preiner-cav18/check_eq_bvshl0_64bit.smt2,YicesQS,1,1.46053199400194
BV/2017-Preiner-psyco/026.smt2,Z3alpha,1,0.45037706987932324
BV/2017-Preiner-keymaera/intersection-example-simple.proof-node272548.smt2,Z3alpha,1,0.2944989148527384
BV/20170501-Heizmann-UltimateAutomizer/jain_1_true-unreach-call_true-no-overflow.i_407.smt2,cvc5,1,0.24057482997886837
BV/2017-Preiner-keymaera/intersection-example-simple.proof-node348040.smt2,Z3alpha,1,0.29253980005159974
BV/2017-Preiner-keymaera/intersection-example-simple.proof-node384936.smt2,Z3alpha,1,0.271970764035359
BV/2017-Preiner-keymaera/intersection-example-simple.proof-node289727.smt2,Z3alpha,1,0.2676471129525453
BV/20230321-UltimateAutomizerSvcomp2023/jain_6-1.c_11.smt2,cvc5,1,2.5270010391250253
BV/2017-Preiner-scholl-smt08/RNDPRE/RNDPRE_3_60.smt2,YicesQS,1,0.6880485091824085
BV/2017-Preiner-keymaera/intersection-example-onelane.proof-node48396.smt2,Z3alpha,1,0.40534974401816726
BV/20170501-Heizmann-UltimateAutomizer/jain_6_true-unreach-call_true-no-overflow.i_387.smt2,cvc5,1,1.6452226340770721
BV/2017-Preiner-keymaera/intersection-example-simple.proof-node369000.smt2,Z3alpha,1,0.2676703240722418
BV/2017-Preiner-keymaera/intersection-example-simple.proof-node732160.smt2,Z3alpha,1,0.2984538821037859
BV/2020-Preiner-fmcad20/cons/check_cc_bvult_x_s_64.smt2,Bitwuzla,1,0.24781281501054764
BV/20170501-Heizmann-UltimateAutomizer/jain_7_true-unreach-call_true-no-overflow.i_383.smt2,cvc5,1,0.8194547479506582
BV/2017-Preiner-scholl-smt08/RNDPRE/RNDPRE_4_27.smt2,YicesQS,1,0.32218427187763155
BV/2017-Preiner-scholl-smt08/RNDPRE/RNDPRE_4_66.smt2,YicesQS,0,1201.7217910250183
BV/2017-Preiner-keymaera/intersection-example-simple.proof-node290415.smt2,Z3alpha,1,0.31578948395326734
BV/2017-Preiner-scholl-smt08/RND/RND_3_18.smt2,YicesQS,1,0.29271356691606343
BV/20230321-UltimateAutomizerSvcomp2023/soft_float_1-1.c.cil.c_6.smt2,cvc5,1,80.36783198988996
BV/20170501-Heizmann-UltimateAutomizer/jain_1_true-unreach-call_true-no-overflow.i_214.smt2,cvc5,1,0.3460959771182388
BV/2018-Preiner-cav18/check_bvslt_bvshl1_32bit.smt2,YicesQS,1,0.22473141713999212
BV/2017-Preiner-keymaera/intersection-example-simple.proof-node346919.smt2,Z3alpha,1,0.2689731370192021
BV/wintersteiger/fmsd13/ranking/kernel_uagp35_gart.c.smt2,Bitwuzla,1,0.24515633704140782
BV/2020-Preiner-fmcad20/cons/check_cc_bvsge_s_x_64.smt2,Bitwuzla,1,0.2182795258704573
BV/2017-Preiner-keymaera/dccs-example-node3896.smt2,YicesQS,1,0.25226333015598357
BV/2017-Preiner-psyco/077.smt2,Z3alpha,1,0.3522409910801798
BV/2017-Preiner-keymaera/binary_driver-2007-10-09-node10280.smt2,YicesQS,1,0.2784298099577427
BV/2017-Preiner-keymaera/intersection-example-simple.proof-node488451.smt2,Z3alpha,1,0.2703614819329232
BV/2017-Preiner-psyco/092.smt2,Z3alpha,1,0.36564752412959933
BV/2017-Preiner-psyco/074.smt2,Z3alpha,1,0.3253574180416763
BV/2017-Preiner-keymaera/intersection-example-simple.proof-node290877.smt2,Z3alpha,1,0.26628731889650226
BV/2018-Preiner-cav18/check_bvugt_bvashr0_4bit.smt2,YicesQS,1,0.22749843914061785
BV/2017-Preiner-keymaera/vsl.proof-node1722.smt2,YicesQS,1,0.5714728338643909
BV/2017-Preiner-keymaera/intersection-example-simple.proof-node534722.smt2,Z3alpha,1,0.27280048793181777
BV/2017-Preiner-keymaera/dccs-example-simple-node3458.smt2,YicesQS,1,0.22749104700051248
BV/2018-Preiner-cav18/check_bvugt_bvudiv1_64bit.smt2,YicesQS,1,0.35024427995085716
BV/2017-Preiner-keymaera/intersection-example-simple.proof-node99986.smt2,Z3alpha,1,0.2711127190850675
BV/2017-Preiner-keymaera/intersection-example-onelane.proof-node17304.smt2,Z3alpha,1,0.36707938415929675
BV/2017-Preiner-psyco/070.smt2,Z3alpha,1,0.4019711520522833
BV/2020-Preiner-fmcad20/cons/check_cc_concat_s_x_4.smt2,Bitwuzla,1,0.2183667398057878
BV/2017-Preiner-keymaera/intersection-example-simple.proof-node703624.smt2,Z3alpha,1,0.2697665181476623
BV/2017-Preiner-keymaera/intersection-example-simple.proof-node392932.smt2,Z3alpha,1,0.2855307550635189
BV/wintersteiger/fmsd13/fixpoint/small-pipeline-fixpoint-5.smt2,cvc5,1,0.5642349920235574
BV/2020-Preiner-fmcad20/cons/check_cc_concat_x_s_32.smt2,Bitwuzla,1,0.22103123483248055
BV/2017-Preiner-keymaera/intersection-example-simple.proof-node632728.smt2,Z3alpha,1,0.26766271190717816
BV/2017-Preiner-keymaera/intersection-example-simple.proof-node719994.smt2,Z3alpha,1,0.2675844100303948
BV/2017-Preiner-keymaera/intersection-example-simple.proof-node388939.smt2,Z3alpha,1,0.29257073486223817
BV/2018-Preiner-cav18/check_bvsgt_bvand_64bit.smt2,YicesQS,1,0.23726060893386602
BV/20230321-UltimateAutomizerSvcomp2023/soft_float_4-1.c.cil.c_7.smt2,cvc5,1,80.36214432190172
BV/wintersteiger/fmsd13/fixpoint/AR-fixpoint-8.smt2,cvc5,1,0.2266389091964811
BV/2017-Preiner-keymaera/intersection-example-simple.proof-node248047.smt2,Z3alpha,1,0.2710807169787586
BV/2018-Preiner-cav18/check_bvsgt_bvurem0_32bit.smt2,YicesQS,0,1201.72402323992
BV/20190429-UltimateAutomizerSvcomp2019/jain_2_true-unreach-call_true-no-overflow_false-termination.i_15.smt2,YicesQS,1,0.2884487919509411
BV/2017-Preiner-scholl-smt08/RND/RND_4_2.smt2,YicesQS,0,1201.732320646057
BV/2017-Preiner-keymaera/intersection-example-simple.proof-node270992.smt2,Z3alpha,1,0.2712718080729246
BV/20170501-Heizmann-UltimateAutomizer/jain_2_true-unreach-call_true-no-overflow.i_230.smt2,cvc5,1,0.6820120420306921
BV/2017-Preiner-keymaera/vsli-alert.proof-node2416.smt2,YicesQS,1,0.34050338296219707
BV/wintersteiger/fmsd13/ranking/input_mouser_cseries.c.smt2,Bitwuzla,1,3.335161830065772
BV/2017-Preiner-keymaera/intersection-example-simple.proof-node392708.smt2,Z3alpha,1,0.26902315486222506
BV/2017-Preiner-psyco/117.smt2,Z3alpha,1,0.47800235101021826
BV/2017-Preiner-psyco/060.smt2,Z3alpha,1,0.3465911070816219
BV/2017-Preiner-keymaera/intersection-example-simple.proof-node351044.smt2,Z3alpha,1,0.26924625993706286
BV/2017-Preiner-keymaera/intersection-example-simple.proof-node603436.smt2,Z3alpha,1,0.29583556111902
BV/2018-Preiner-cav18/check_bvsge_bvurem0_32bit.smt2,YicesQS,1,1.0765207649674267
BV/2017-Preiner-keymaera/intersection-example-simple.proof-node476753.smt2,Z3alpha,1,0.29582945886068046
BV/2017-Preiner-scholl-smt08/model/model_5_35.smt2,YicesQS,1,0.5321025168523192
BV/2017-Preiner-keymaera/intersection-example-simple.proof-node531710.smt2,Z3alpha,1,0.26897366996854544
BV/2018-Preiner-cav18/check_bvsge_bvudiv0_64bit.smt2,YicesQS,0,1201.748809897108
BV/2018-Preiner-cav18/check_bvsle_bvlshr1_64bit.smt2,YicesQS,1,0.2663660969119519
BV/2017-Preiner-scholl-smt08/RND/RND_4_22.smt2,YicesQS,1,18.969214103883132
BV/2017-Preiner-psyco/172.smt2,Z3alpha,1,0.2997482398059219
BV/2017-Preiner-scholl-smt08/RNDPRE/RNDPRE_4_2.smt2,YicesQS,0,1201.7178861398716
BV/2017-Preiner-scholl-smt08/RND/RND_6_30.smt2,YicesQS,1,411.64202633406967
BV/20190429-UltimateAutomizerSvcomp2019/jain_6_true-unreach-call_true-no-overflow_false-termination.i_10.smt2,YicesQS,1,0.28447061008773744
BV/2017-Preiner-keymaera/intersection-example-simple.proof-node605258.smt2,Z3alpha,1,0.26914798002690077
BV/20230321-UltimateAutomizerSvcomp2023/soft_float_1-1.c.cil.c_0.smt2,cvc5,1,160.2964898229111
BV/2017-Preiner-scholl-smt08/RND/RND_6_16.smt2,YicesQS,0,1201.7233664779924
BV/2017-Preiner-scholl-smt08/RNDPRE/RNDPRE_3_56.smt2,YicesQS,1,294.8571044090204
BV/2020-Preiner-fmcad20/inv/check_ic_sext_4_64.smt2,Bitwuzla,1,0.2238399509806186
BV/2018-Preiner-cav18/check_bvugt_bvconcat1_64_64bit.smt2,YicesQS,1,0.3358069369569421
BV/20170501-Heizmann-UltimateAutomizer/jain_7_true-unreach-call_true-no-overflow.i_307.smt2,cvc5,1,1.0668438652064651
BV/2017-Preiner-keymaera/intersection-example-simple.proof-node271565.smt2,Z3alpha,1,0.29879894806072116
BV/2017-Preiner-scholl-smt08/RND/RND_4_24.smt2,YicesQS,1,1.2905932529829443
BV/2017-Preiner-keymaera/intersection-example-simple.proof-node347607.smt2,Z3alpha,1,0.30491910013370216
BV/2020-Preiner-fmcad20/cons/check_cc_bvsge_x_s_32.smt2,Bitwuzla,1,0.2585946680046618
BV/2017-Preiner-keymaera/intersection-example-simple.proof-node631276.smt2,Z3alpha,1,0.2675875690765679
BV/20170501-Heizmann-UltimateAutomizer/jain_2_true-unreach-call_true-no-overflow.i_433.smt2,cvc5,1,0.6888822179753333
BV/20230321-UltimateAutomizerSvcomp2023/psyco_abp_1-2.c_2.smt2,cvc5,1,0.23975908616557717
BV/2017-Preiner-scholl-smt08/RND/RND_6_9.smt2,YicesQS,1,45.62405761517584
BV/2017-Preiner-scholl-smt08/model/model_6_4.smt2,YicesQS,1,0.22500198590569198
BV/2020-Preiner-fmcad20/inv/check_ic_bvuge_s_x_64.smt2,Bitwuzla,1,0.2549052028916776
BV/2017-Preiner-UltimateAutomizer/Primes_true-unreach-call.c_597.smt2,cvc5,1,0.2226020300295204
BV/20230321-UltimateAutomizerSvcomp2023/soft_float_4-2.c.cil.c_10.smt2,cvc5,1,80.32719174097292
BV/2017-Preiner-keymaera/bouncing-ball-simple-node5981.smt2,Z3alpha,1,1.7979704020544887
BV/20190429-UltimateAutomizerSvcomp2019/jain_6_true-unreach-call_true-no-overflow_false-termination.i_12.smt2,YicesQS,1,0.27412169496528804
BV/20230321-UltimateAutomizerSvcomp2023/linear-inequality-inv-a.c_0.smt2,cvc5,1,0.26952760200947523
BV/2017-Preiner-keymaera/controllability-lemma-disturbed.proof-node770.smt2,YicesQS,1,0.27584379399195313
BV/2017-Preiner-keymaera/binary_driver-2007-10-09-node11384.smt2,YicesQS,1,0.6173240849748254
BV/wintersteiger/fmsd13/ranking/network_ndis_e100bex_5x_kd_mp_dbg.c.smt2,Bitwuzla,1,0.25784366903826594
BV/2017-Preiner-keymaera/intersection-example-onelane.proof-node45116.smt2,Z3alpha,1,0.5958558889105916
BV/20170501-Heizmann-UltimateAutomizer/jain_2_true-unreach-call_true-no-overflow.i_228.smt2,cvc5,1,1.2554048169404268
BV/20170501-Heizmann-UltimateAutomizer/jain_1_true-unreach-call_true-no-overflow.i_408.smt2,cvc5,1,0.2788319941610098
BV/20170501-Heizmann-UltimateAutomizer/jain_4_true-unreach-call_true-no-overflow.i_462.smt2,cvc5,1,0.9632652178406715
BV/20170501-Heizmann-UltimateAutomizer/jain_4_true-unreach-call_true-no-overflow.i_198.smt2,cvc5,1,547.4196193229873
BV/20190429-UltimateAutomizerSvcomp2019/jain_2_true-unreach-call_true-no-overflow_false-termination.i_13.smt2,YicesQS,1,0.28901403304189444
BV/2017-Preiner-scholl-smt08/RNDPRE/RNDPRE_3_59.smt2,YicesQS,1,0.5542810319457203
BV/20190429-UltimateAutomizerSvcomp2019/jain_7_true-unreach-call_true-no-overflow_false-termination.i_10.smt2,YicesQS,1,0.2736667268909514
BV/2017-Preiner-keymaera/intersection-example-simple.proof-node704363.smt2,Z3alpha,1,0.26730896392837167
BV/2017-Preiner-scholl-smt08/model/model_6_2.smt2,YicesQS,1,0.2440521279349923
BV/2020-Preiner-fmcad20/inv/check_ic_sext_1_4.smt2,Bitwuzla,1,0.24589998717419803
BV/2017-Preiner-scholl-smt08/RND/RND_6_33.smt2,YicesQS,1,5.965046988101676
BV/20210301-Alive2/oggenc/386_oggenc.smt2,Bitwuzla,0,1201.367033928167
BV/wintersteiger/fmsd13/fixpoint/sdlx-fixpoint-6.smt2,cvc5,1,20.43743190797977
BV/20170501-Heizmann-UltimateAutomizer/jain_2_true-unreach-call_true-no-overflow.i_342.smt2,cvc5,1,0.5603903150185943
BV/2017-Preiner-scholl-smt08/RND/RND_6_25.smt2,YicesQS,0,1201.739698105026
BV/2017-Preiner-keymaera/intersection-example-onelane.proof-node21162.smt2,Z3alpha,1,0.36726637091487646
BV/2017-Preiner-keymaera/intersection-example-simple.proof-node601673.smt2,Z3alpha,1,0.2756409980356693
BV/2018-Preiner-cav18/check_ne_bvudiv0_32bit.smt2,YicesQS,1,0.2898179870098829
BV/2017-Preiner-keymaera/intersection-example-simple.proof-node166868.smt2,Z3alpha,1,0.2693160001654178
BV/2020-Preiner-fmcad20/cons/check_cc_bvadd_x_s_64.smt2,Bitwuzla,0,1201.2421649880707
BV/2017-Preiner-keymaera/ETCS-essentials-node4106.smt2,YicesQS,1,0.2998509001918137
BV/20230321-UltimateAutomizerSvcomp2023/jain_6-1.c_6.smt2,cvc5,1,7.393384002847597
BV/20170501-Heizmann-UltimateAutomizer/jain_2_true-unreach-call_true-no-overflow.i_434.smt2,cvc5,1,0.605467809131369
BV/wintersteiger/fmsd13/ranking/kmdf_usbsamp_sys_queue.c.smt2,Bitwuzla,1,3.690145942149684
BV/2017-Preiner-keymaera/ETCS-essentials-live-range2.proof-node577.smt2,Bitwuzla,1,0.3371134859044105
BV/2018-Preiner-cav18/check_bvsle_bvudiv1_64bit.smt2,YicesQS,1,0.9263554031495005
BV/2017-Preiner-keymaera/intersection-example-simple.proof-node265077.smt2,Z3alpha,1,0.2712266279850155
BV/20190429-UltimateAutomizerSvcomp2019/jain_7_true-unreach-call_true-no-overflow_false-termination.i_8.smt2,YicesQS,1,0.26247207284905016
BV/2017-Preiner-keymaera/bouncing-ball-simple-node5980.smt2,Z3alpha,1,0.2877905061468482
BV/20170501-Heizmann-UltimateAutomizer/jain_6_true-unreach-call_true-no-overflow.i_460.smt2,cvc5,1,16.397429530974478
BV/2018-Preiner-cav18/check_bvsgt_bvlshr0_64bit.smt2,YicesQS,1,0.23777920799329877
BV/2017-Preiner-keymaera/intersection-example-simple.proof-node674535.smt2,Z3alpha,1,0.2669443190097809
BV/2017-Preiner-keymaera/intersection-example-onelane.proof-node54892.smt2,Z3alpha,1,1.6225791559554636
BV/20190429-UltimateAutomizerSvcomp2019/jain_6_true-unreach-call_true-no-overflow_false-termination.i_16.smt2,YicesQS,1,0.28767089592292905
BV/2017-Preiner-keymaera/intersection-example-simple.proof-node532026.smt2,Z3alpha,1,0.26674297195859253
BV/2017-Preiner-keymaera/intersection-example-onelane.proof-node39725.smt2,Z3alpha,1,1.0262704931665212
BV/2018-Preiner-cav18/check_ne_bvurem0_64bit.smt2,YicesQS,1,0.6638083860743791
BV/2017-Preiner-scholl-smt08/RNDPRE/RNDPRE_3_50.smt2,YicesQS,1,0.3490528070833534
BV/2017-Preiner-keymaera/intersection-example-onelane.proof-node46832.smt2,Z3alpha,1,0.6319062008988112
BV/2017-Preiner-keymaera/bouncing-ball-simple-node5920.smt2,Z3alpha,1,0.33127207309007645
BV/2017-Preiner-keymaera/intersection-example-onelane.proof-node14168.smt2,Z3alpha,1,0.32133729103952646
BV/20170501-Heizmann-UltimateAutomizer/jain_7_true-unreach-call_true-no-overflow.i_240.smt2,cvc5,1,1.3043403041083366
BV/2018-Preiner-cav18/check_bvugt_bvashr0_64bit.smt2,YicesQS,1,0.22200084500946105
BV/2018-Preiner-cav18/check_bvule_bvashr1_32bit.smt2,YicesQS,1,0.30991003289818764
BV/20230321-UltimateAutomizerSvcomp2023/btor2c-eagerMod.unsafe_arbitrated_fifos_n2d8w8.c_1.smt2,cvc5,1,0.24537107185460627
BV/20170501-Heizmann-UltimateAutomizer/jain_6_true-unreach-call_true-no-overflow.i_433.smt2,cvc5,1,2.924235495040193
BV/2020-Preiner-fmcad20/inv/check_ic_bvmul_x_s_4.smt2,Bitwuzla,1,0.3735828120261431
BV/2017-Preiner-scholl-smt08/model/model_6_55.smt2,YicesQS,1,0.24543198803439736
BV/2017-Preiner-keymaera/intersection-example-simple.proof-node54865.smt2,Z3alpha,1,0.26782438694499433
BV/2020-Preiner-fmcad20/inv/check_ic_bvsge_x_s_64.smt2,Bitwuzla,1,0.26601470494642854
BV/2017-Preiner-keymaera/train_goal3-node5717.smt2,Bitwuzla,1,1.9243851089850068
BV/2018-Preiner-cav18/check_bvsge_bvashr0_64bit.smt2,YicesQS,1,0.22693952498957515
BV/2020-Preiner-fmcad20/inv/check_ic_bvxor_x_s_32.smt2,Bitwuzla,1,0.25334323407150805
BV/2017-Preiner-scholl-smt08/model/model_5_62.smt2,YicesQS,1,0.25489075714722276
BV/2017-Preiner-keymaera/intersection-example-simple.proof-node272436.smt2,Z3alpha,1,0.30063097295351326
BV/2017-Preiner-keymaera/intersection-example-simple.proof-node268901.smt2,Z3alpha,1,0.26965702208690345
BV/2017-Preiner-keymaera/intersection-example-simple.proof-node633178.smt2,Z3alpha,1,0.3401456659194082
BV/2017-Preiner-psyco/119.smt2,Z3alpha,1,0.3600650120060891
BV/2017-Preiner-keymaera/intersection-example-simple.proof-node548485.smt2,Z3alpha,1,0.26990714902058244
BV/2017-Preiner-scholl-smt08/model/model_6_12.smt2,YicesQS,1,0.23640564898960292
BV/20170501-Heizmann-UltimateAutomizer/jain_7_true-unreach-call_true-no-overflow.i_475.smt2,cvc5,1,25.12538241618313
BV/2017-Preiner-keymaera/intersection-example-simple.proof-node174360.smt2,Z3alpha,1,0.2687173190061003
BV/2017-Preiner-scholl-smt08/model/model_6_24.smt2,YicesQS,1,0.2829857289325446
BV/2017-Preiner-keymaera/intersection-example-simple.proof-node152733.smt2,Z3alpha,1,0.27254493185319006
BV/2018-Preiner-cav18/check_bvsge_bvurem0_64bit.smt2,YicesQS,1,93.239351403201
BV/2017-Preiner-keymaera/intersection-example-simple.proof-node672976.smt2,Z3alpha,1,0.27216918813064694
BV/2017-Preiner-keymaera/intersection-example-simple.proof-node476116.smt2,Z3alpha,1,0.26523477397859097
BV/20170501-Heizmann-UltimateAutomizer/jain_7_true-unreach-call_true-no-overflow.i_476.smt2,cvc5,1,0.6999147399328649
BV/2017-Preiner-keymaera/intersection-example-simple.proof-node391376.smt2,Z3alpha,1,0.2735752121079713
BV/20170501-Heizmann-UltimateAutomizer/jain_4_true-unreach-call_true-no-overflow.i_225.smt2,cvc5,1,565.8480422978755
BV/2017-Preiner-psyco/150.smt2,Z3alpha,1,0.2842085720039904
BV/2017-Preiner-keymaera/intersection-example-simple.proof-node631857.smt2,Z3alpha,1,0.29038254311308265
BV/2017-Preiner-keymaera/intersection-example-simple.proof-node193438.smt2,Z3alpha,1,0.2862262341659516
BV/2017-Preiner-keymaera/intersection-example-simple.proof-node251490.smt2,Z3alpha,1,0.2697755720000714
BV/20210301-Alive2-partial-undef/ph7/659_ph7.smt2,Bitwuzla,1,0.25564406206831336
BV/2018-Preiner-cav18/check_bvsge_bvmul_64bit.smt2,YicesQS,1,0.2668234461452812
BV/20170501-Heizmann-UltimateAutomizer/jain_7_true-unreach-call_true-no-overflow.i_259.smt2,cvc5,1,1.5070173221174628
BV/20210330-PEak/extern-loop_sat_subset/hard1.smt2,Z3alpha,0,0.5243675839155912
BV/2017-Preiner-keymaera/intersection-example-simple.proof-node480617.smt2,Z3alpha,1,0.26766200992278755
BV/2017-Preiner-scholl-smt08/RNDPRE/RNDPRE_3_29.smt2,YicesQS,1,0.3049745250027627
BV/2017-Preiner-keymaera/intersection-example-simple.proof-node190062.smt2,Z3alpha,1,0.27356230304576457
BV/2017-Preiner-keymaera/intersection-example-simple.proof-node349276.smt2,Z3alpha,1,0.29885419085621834
BV/2017-Preiner-psyco/154.smt2,Z3alpha,1,0.3586146079469472
BV/20190429-UltimateAutomizerSvcomp2019/jain_2_true-unreach-call_true-no-overflow_false-termination.i_2.smt2,YicesQS,1,0.223188181174919
BV/2017-Preiner-keymaera/intersection-example-simple.proof-node173665.smt2,Z3alpha,1,0.2754579239990562
BV/20170501-Heizmann-UltimateAutomizer/jain_4_true-unreach-call_true-no-overflow.i_433.smt2,cvc5,1,11.02586003090255
BV/2017-Preiner-keymaera/intersection-example-simple.proof-node264307.smt2,Z3alpha,1,0.2678364550229162
BV/20170501-Heizmann-UltimateAutomizer/jain_7_true-unreach-call_true-no-overflow.i_70.smt2,cvc5,1,0.8909186760429293
BV/20230321-UltimateAutomizerSvcomp2023/soft_float_4-2a.c.cil.c_10.smt2,cvc5,1,80.60207023192197
BV/2017-Preiner-UltimateAutomizer/nested9_true-unreach-call.i_670.smt2,cvc5,1,0.24689954007044435
BV/2017-Preiner-keymaera/intersection-example-simple.proof-node170139.smt2,Z3alpha,1,0.27378007187508047
BV/2017-Preiner-keymaera/intersection-example-onelane.proof-node12481.smt2,Z3alpha,1,0.6786564101930708
BV/20190429-UltimateAutomizerSvcomp2019/jain_6_true-unreach-call_true-no-overflow_false-termination.i_2.smt2,YicesQS,1,0.29071653517894447
BV/2017-Preiner-keymaera/intersection-example-simple.proof-node488920.smt2,Z3alpha,1,0.26933218794874847
BV/2017-Preiner-psyco/015.smt2,Z3alpha,1,0.3105742528568953
BV/2017-Preiner-scholl-smt08/model/model_6_76.smt2,YicesQS,1,0.27095268410630524
BV/2020-Preiner-fmcad20/inv/check_ic_bvsge_x_s_32.smt2,Bitwuzla,1,0.25960811390541494
BV/2020-Preiner-fmcad20/cons/check_cc_bvadd_x_s_4.smt2,Bitwuzla,1,0.2898959929589182
BV/2020-Preiner-fmcad20/inv/check_ic_bvshl_x_s_32.smt2,Bitwuzla,1,0.6637101010419428
BV/20190429-UltimateAutomizerSvcomp2019/jain_6_true-unreach-call_true-no-overflow_false-termination.i_4.smt2,YicesQS,1,0.22232134407386184
BV/2020-Preiner-fmcad20/cons/check_cc_udiv_x_s_32.smt2,Bitwuzla,0,1201.2973442380317
BV/2017-Preiner-scholl-smt08/model/model_5_63.smt2,YicesQS,1,0.2503001210279763
BV/2018-Preiner-cav18/check_bvslt_bvadd_32bit.smt2,YicesQS,1,0.2244193791411817
BV/2017-Preiner-keymaera/intersection-example-simple.proof-node292487.smt2,Z3alpha,1,0.2692227989900857
BV/2017-Preiner-keymaera/intersection-example-simple.proof-node532235.smt2,Z3alpha,1,0.29306154092773795
BV/2017-Preiner-scholl-smt08/RNDPRE/RNDPRE_4_32.smt2,YicesQS,1,0.3767375028692186
BV/2017-Preiner-keymaera/intersection-example-simple.proof-node559861.smt2,Z3alpha,1,0.2691639589611441
BV/wintersteiger/fmsd13/ranking/1394diag_ioctl.c.smt2,Bitwuzla,1,1.2730075200088322
BV/2017-Preiner-scholl-smt08/RNDPRE/RNDPRE_4_68.smt2,YicesQS,1,0.594870890956372
BV/2017-Preiner-keymaera/intersection-example-onelane.proof-node29839.smt2,Z3alpha,1,2.2580573079176247
BV/2017-Preiner-keymaera/intersection-example-simple.proof-node605043.smt2,Z3alpha,1,0.26839801599271595
BV/wintersteiger/fmsd13/fixpoint/AR-fixpoint-3.smt2,cvc5,1,0.22759027080610394
BV/2018-Preiner-cav18/check_bvugt_bvlshr1_64bit.smt2,YicesQS,1,0.2859174911864102
BV/2017-Preiner-psyco/148.smt2,Z3alpha,1,0.29593486012890935
BV/20190429-UltimateAutomizerSvcomp2019/gcd_3_true-unreach-call_true-no-overflow.i_0.smt2,YicesQS,1,24.933751903939992
BV/2018-Preiner-cav18/check_bvsge_bvmul_32bit.smt2,YicesQS,1,0.23337475792504847
BV/2020-Preiner-fmcad20/inv/check_ic_bvshl_s_x_4.smt2,Bitwuzla,1,0.2281367878895253
BV/2018-Preiner-cav18/check_eq_bvneg_32bit.smt2,YicesQS,1,0.276394777931273
BV/20230321-UltimateAutomizerSvcomp2023/soft_float_1-1.c.cil.c_3.smt2,cvc5,1,80.3473043909762
BV/2017-Preiner-keymaera/intersection-example-onelane.proof-node43329.smt2,Z3alpha,1,0.38221911899745464
BV/2017-Preiner-scholl-smt08/RND/RND_6_36.smt2,YicesQS,0,1201.7213048890699
BV/2020-Preiner-fmcad20/cons/check_cc_udiv_x_s_64.smt2,Bitwuzla,0,1201.3143742070533
BV/2017-Preiner-keymaera/intersection-example-simple.proof-node365878.smt2,Z3alpha,1,0.3301089161541313
BV/2017-Preiner-scholl-smt08/model/model_6_15.smt2,YicesQS,1,0.22385700303129852
BV/2017-Preiner-keymaera/intersection-example-simple.proof-node560442.smt2,Z3alpha,1,0.26739944401197135
BV/2017-Preiner-scholl-smt08/model/model_5_50.smt2,YicesQS,1,0.28912743809632957
BV/2020-Preiner-fmcad20/inv/check_ic_distinct_x_s_64.smt2,Bitwuzla,1,0.33023883891291916
BV/2017-Preiner-keymaera/intersection-example-simple.proof-node347816.smt2,Z3alpha,1,0.2882654049899429
BV/2017-Preiner-keymaera/intersection-example-simple.proof-node531822.smt2,Z3alpha,1,0.29579392191953957
BV/2017-Preiner-keymaera/intersection-example-simple.proof-node559749.smt2,Z3alpha,1,0.26872186409309506
BV/2017-Preiner-scholl-smt08/model/model_5_34.smt2,YicesQS,1,0.5184867409989238
BV/wintersteiger/fmsd13/ranking/kmdf_osrusbfx2_exe_testapp.c.smt2,Bitwuzla,1,0.30950533505529165
BV/2017-Preiner-keymaera/intersection-example-simple.proof-node389285.smt2,Z3alpha,1,0.27208502986468375
BV/2017-Preiner-keymaera/intersection-example-simple.proof-node347403.smt2,Z3alpha,1,0.29808806884102523
BV/2020-Preiner-fmcad20/inv/check_ic_sext_2_4.smt2,Bitwuzla,1,0.21785461204126477
BV/2017-Preiner-scholl-smt08/RNDPRE/RNDPRE_3_39.smt2,YicesQS,1,0.47392482589930296
BV/2018-Preiner-cav18/check_bvugt_bvudiv1_32bit.smt2,YicesQS,1,0.25658025895245373
BV/wintersteiger/fmsd13/fixpoint/itc-b13-fixpoint-8.smt2,cvc5,1,0.45709715597331524
BV/2018-Preiner-cav18/check_bvuge_bvshl1_32bit.smt2,YicesQS,1,0.3564295710530132
BV/20230321-UltimateAutomizerSvcomp2023/soft_float_1-1.c.cil.c_10.smt2,cvc5,1,80.40407024906017
BV/2017-Preiner-scholl-smt08/RNDPRE/RNDPRE_3_55.smt2,YicesQS,1,0.42543649300932884
BV/2017-Preiner-scholl-smt08/RND/RND_6_40.smt2,YicesQS,0,1201.760190902045
BV/2017-Preiner-scholl-smt08/RND/RND_3_7.smt2,YicesQS,1,0.2826032070443034
BV/2017-Preiner-keymaera/intersection-example-simple.proof-node294748.smt2,Z3alpha,1,0.32739727897569537
BV/2017-Preiner-scholl-smt08/model/model_6_27.smt2,YicesQS,1,0.2238210451323539
BV/20170501-Heizmann-UltimateAutomizer/jain_2_true-unreach-call_true-no-overflow.i_341.smt2,cvc5,1,1.032061547972262
BV/20170501-Heizmann-UltimateAutomizer/sum02_true-unreach-call_true-no-overflow.i_415.smt2,cvc5,1,0.8117579240351915
BV/2017-Preiner-keymaera/intersection-example-onelane.proof-node5607.smt2,Z3alpha,1,1.9506317318882793
BV/2017-Preiner-scholl-smt08/RND/RND_6_26.smt2,YicesQS,0,1201.7237462019548
BV/2020-Preiner-fmcad20/inv/check_ic_bvlshr_x_s_32.smt2,Bitwuzla,1,0.565463072154671
BV/20230321-UltimateAutomizerSvcomp2023/jain_4-1.c_4.smt2,cvc5,1,6.66040356317535
BV/2018-Preiner-cav18/check_eq_bvneg_64bit.smt2,YicesQS,1,0.28188019897788763
BV/wintersteiger/fmsd13/ranking/input_pnpi8042_moudep.c.smt2,Bitwuzla,1,0.22526096692308784
BV/20190429-UltimateAutomizerSvcomp2019/jain_7_true-unreach-call_true-no-overflow_false-termination.i_4.smt2,YicesQS,1,0.28196402289904654
BV/2017-Preiner-keymaera/intersection-example-simple.proof-node631052.smt2,Z3alpha,1,0.2680803418625146
BV/2017-Preiner-keymaera/intersection-example-simple.proof-node733082.smt2,Z3alpha,1,0.26890650507993996
BV/2017-Preiner-keymaera/intersection-example-simple.proof-node676430.smt2,Z3alpha,1,0.2683113389648497
BV/20170501-Heizmann-UltimateAutomizer/jain_7_true-unreach-call_true-no-overflow.i_382.smt2,cvc5,1,2.832103048916906
BV/20190429-UltimateAutomizerSvcomp2019/pals_lcr-var-start-time.6_true-unreach-call.ufo.UNBOUNDED.pals.c_1.smt2,YicesQS,1,0.2303321440704167
BV/2017-Preiner-keymaera/intersection-example-onelane.proof-node37008.smt2,Z3alpha,1,0.38952190917916596
BV/2017-Preiner-scholl-smt08/RND/RND_3_13.smt2,YicesQS,1,0.4199583539739251
BV/2017-Preiner-scholl-smt08/model/model_5_9.smt2,YicesQS,1,0.22094258992001414
BV/2017-Preiner-keymaera/intersection-example-simple.proof-node606769.smt2,Z3alpha,1,0.2730421610176563
BV/wintersteiger/fmsd13/ranking/mmedia_gsm610_gsm610.c.smt2,Bitwuzla,1,0.22080749087035656
BV/2017-Preiner-scholl-smt08/model/model_5_14.smt2,YicesQS,1,0.2633536870125681
BV/20190429-UltimateAutomizerSvcomp2019/float_req_bl_0730b_true-unreach-call.c_28.smt2,YicesQS,1,0.23296418297104537
BV/20230321-UltimateAutomizerSvcomp2023/jain_2-2.c_0.smt2,cvc5,1,0.578604550100863
BV/2017-Preiner-scholl-smt08/RNDPRE/RNDPRE_3_44.smt2,YicesQS,1,0.3239778969436884
BV/2017-Preiner-keymaera/intersection-example-simple.proof-node622752.smt2,Z3alpha,1,0.26811206992715597
BV/2017-Preiner-keymaera/intersection-example-simple.proof-node392183.smt2,Z3alpha,1,0.28933395096100867
BV/2017-Preiner-scholl-smt08/RNDPRE/RNDPRE_4_16.smt2,YicesQS,1,702.5735476219561
BV/2017-Preiner-keymaera/intersection-example-simple.proof-node365013.smt2,Z3alpha,1,0.29768686182796955
BV/20190429-UltimateAutomizerSvcomp2019/jain_6_true-unreach-call_true-no-overflow_false-termination.i_8.smt2,YicesQS,1,0.22799337306059897
BV/wintersteiger/fmsd13/fixpoint/small-equiv-fixpoint-5.smt2,cvc5,1,0.23818604997359216
BV/2017-Preiner-keymaera/intersection-example-simple.proof-node550261.smt2,Z3alpha,1,0.2902383741457015
BV/20190429-UltimateAutomizerSvcomp2019/jain_7_true-unreach-call_true-no-overflow_false-termination.i_6.smt2,YicesQS,1,0.25342098204419017
BV/2017-Preiner-scholl-smt08/model/model_5_59.smt2,YicesQS,1,0.23071272298693657
BV/2017-Preiner-keymaera/binary_driver-2007-10-09-node10279.smt2,YicesQS,1,0.35621955106034875
BV/2017-Preiner-keymaera/intersection-example-onelane.proof-node20269.smt2,Z3alpha,1,0.35730345407500863
BV/2017-Preiner-keymaera/FTRM-entry-tang-feasible-node1796.smt2,Z3alpha,1,1.6984255909919739
BV/20210330-PEak/extern-loop_unsat_subset/easy.smt2,Z3alpha,1,1.4348670539911836
BV/2017-Preiner-psyco/064.smt2,Z3alpha,1,0.40586931607685983
BV/2020-Preiner-fmcad20/inv/check_ic_bvult_x_s_64.smt2,Bitwuzla,1,0.2811427959240973
BV/20190429-UltimateAutomizerSvcomp2019/soft_float_4_true-unreach-call_true-no-overflow_true-termination.c.cil.c_2.smt2,YicesQS,1,0.22116746800020337
BV/2017-Preiner-scholl-smt08/model/model_6_9.smt2,YicesQS,1,0.2569293901324272
BV/20230321-UltimateAutomizerSvcomp2023/jain_6-1.c_1.smt2,cvc5,1,5.415038424078375
BV/2020-Preiner-fmcad20/inv/check_ic_bvsge_x_s_4.smt2,Bitwuzla,1,0.24526702612638474
BV/2017-Preiner-keymaera/intersection-example-simple.proof-node345482.smt2,Z3alpha,1,0.2677041538991034
BV/2017-Preiner-scholl-smt08/model/model_5_5.smt2,YicesQS,1,0.23134258994832635
BV/2018-Preiner-cav18/check_bvult_bvashr0_32bit.smt2,YicesQS,1,0.27222502091899514
BV/2017-Preiner-keymaera/intersection-example-onelane.proof-node34026.smt2,Z3alpha,1,0.3940191001165658
BV/2017-Preiner-keymaera/intersection-example-simple.proof-node732272.smt2,Z3alpha,1,0.2694107119459659
BV/20170501-Heizmann-UltimateAutomizer/jain_4_true-unreach-call_true-no-overflow.i_461.smt2,cvc5,1,1.2333292558323592
BV/2017-Preiner-keymaera/intersection-example-simple.proof-node190475.smt2,Z3alpha,1,0.29387969709932804
BV/2017-Preiner-scholl-smt08/model/model_6_33.smt2,YicesQS,1,0.250199852976948
BV/20170501-Heizmann-UltimateAutomizer/verisec_sendmail__tTflag_arr_one_loop_false-unreach-call.i_2400.smt2,cvc5,1,0.8803555821068585
BV/20170501-Heizmann-UltimateAutomizer/jain_6_true-unreach-call_true-no-overflow.i_200.smt2,cvc5,1,14.119023908860981
BV/2017-Preiner-keymaera/intersection-example-simple.proof-node155401.smt2,Z3alpha,1,0.2713887009304017
BV/2020-Preiner-fmcad20/inv/check_ic_x_s_4.smt2,Bitwuzla,1,0.21723491209559143
BV/20190429-UltimateAutomizerSvcomp2019/jain_7_true-unreach-call_true-no-overflow_false-termination.i_5.smt2,YicesQS,1,0.22922792006283998
BV/2017-Preiner-keymaera/intersection-example-simple.proof-node490015.smt2,Z3alpha,1,0.2697516030166298
BV/2017-Preiner-keymaera/intersection-example-simple.proof-node673088.smt2,Z3alpha,1,0.26830692985095084
BV/20230321-UltimateAutomizerSvcomp2023/btor2c-eagerMod.cambridge.1.prop2-func-interl.c_2.smt2,cvc5,1,2.235248075099662
BV/2020-Preiner-fmcad20/cons/check_cc_bvashr_x_s_64.smt2,Bitwuzla,1,190.5647722010035
BV/2017-Preiner-keymaera/intersection-example-simple.proof-node605722.smt2,Z3alpha,1,0.2683182219043374
BV/2017-Preiner-keymaera/intersection-example-simple.proof-node194936.smt2,Z3alpha,1,0.3255981020629406
BV/2017-Preiner-UltimateAutomizer/Primes_true-unreach-call.c_673.smt2,cvc5,1,0.23766428092494607
BV/2017-Preiner-keymaera/intersection-example-simple.proof-node172682.smt2,Z3alpha,1,0.26876839087344706
BV/wintersteiger/fmsd13/ranking/kmdf_pcidrv_sys_hw_nic_init.c.smt2,Bitwuzla,1,0.2221147760283202
BV/20170501-Heizmann-UltimateAutomizer/sum02_false-unreach-call_true-no-overflow.i_336.smt2,cvc5,1,240.331289304886
BV/2017-Preiner-keymaera/intersection-example-simple.proof-node197625.smt2,Z3alpha,1,0.2683631149120629
BV/2018-Preiner-cav18/check_bvult_bvadd_64bit.smt2,YicesQS,1,0.22314322320744395
BV/2020-Preiner-fmcad20/cons/check_cc_bvxor_x_s_32.smt2,Bitwuzla,0,1201.255389292026
BV/20230321-UltimateAutomizerSvcomp2023/sum.i_0.smt2,cvc5,1,0.2518531389068812
BV/2017-Preiner-keymaera/dccs-example-node6709-new.smt2,YicesQS,1,0.3085225960239768
BV/2017-Preiner-keymaera/intersection-example-simple.proof-node191763.smt2,Z3alpha,1,0.26748251589015126
BV/2017-Preiner-scholl-smt08/RNDPRE/RNDPRE_3_35.smt2,YicesQS,1,0.26702117803506553
BV/20230321-UltimateAutomizerSvcomp2023/soft_float_4-2.c.cil.c_9.smt2,cvc5,1,80.34881595615298
BV/20170501-Heizmann-UltimateAutomizer/jain_6_true-unreach-call_true-no-overflow.i_434.smt2,cvc5,1,1.68353700498119
BV/2017-Preiner-keymaera/intersection-example-simple.proof-node264965.smt2,Z3alpha,1,0.26887682313099504
BV/2017-Preiner-keymaera/intersection-example-simple.proof-node362512.smt2,Z3alpha,1,0.2989882950205356
BV/2018-Preiner-cav18/check_bvsge_bvudiv1_64bit.smt2,YicesQS,1,4.635090059833601
BV/2017-Preiner-keymaera/intersection-example-simple.proof-node193953.smt2,Z3alpha,1,0.27930079121142626
BV/2018-Preiner-cav18/check_bvugt_bvconcat0_2_64bit.smt2,YicesQS,1,0.22236450505442917
BV/2017-Preiner-scholl-smt08/RND/RND_6_1.smt2,YicesQS,0,1201.719390986953
BV/20230321-UltimateAutomizerSvcomp2023/jain_6-1.c_9.smt2,cvc5,1,6.100025645922869
BV/2017-Preiner-psyco/099.smt2,Z3alpha,1,0.5474747319240123
BV/20190429-UltimateAutomizerSvcomp2019/float_req_bl_0730b_true-unreach-call.c_36.smt2,YicesQS,1,0.22141726384870708
BV/20230321-UltimateAutomizerSvcomp2023/soft_float_4-1.c.cil.c_1.smt2,cvc5,1,0.23029818502254784
BV/2017-Preiner-scholl-smt08/model/model_5_39.smt2,YicesQS,1,0.5278137139976025
BV/2017-Preiner-keymaera/intersection-example-simple.proof-node172099.smt2,Z3alpha,1,0.2895453458186239
BV/llvm13-smtlib/05.smt2,cvc5,1,0.5434475999791175
BV/20170501-Heizmann-UltimateAutomizer/jain_4_true-unreach-call_true-no-overflow.i_436.smt2,cvc5,1,1.2705311980098486
BV/2020-Preiner-fmcad20/cons/check_cc_bvuge_s_x_32.smt2,Bitwuzla,1,0.24951688712462783
BV/2020-Preiner-fmcad20/cons/check_cc_bvashr_x_s_32.smt2,Bitwuzla,1,26.15615093195811
BV/20230321-UltimateAutomizerSvcomp2023/jain_7-1.c_3.smt2,cvc5,1,3.383278446039185
BV/2018-Preiner-cav18/check_bvuge_bvurem1_64bit.smt2,YicesQS,1,28.82558045699261
BV/wintersteiger/fmsd13/fixpoint/AR-fixpoint-9.smt2,cvc5,1,0.23267738497816026
BV/2017-Preiner-scholl-smt08/RND/RND_3_15.smt2,YicesQS,1,0.26988124707713723
BV/2017-Preiner-keymaera/intersection-example-simple.proof-node294860.smt2,Z3alpha,1,0.27572833094745874
BV/20230321-UltimateAutomizerSvcomp2023/heapsort.i_9.smt2,cvc5,1,240.37668377091177
BV/2017-Preiner-psyco/122.smt2,Z3alpha,1,0.28491371986456215
BV/2017-Preiner-keymaera/intersection-example-simple.proof-node551039.smt2,Z3alpha,1,0.268794571980834
BV/2017-Preiner-keymaera/intersection-example-simple.proof-node548277.smt2,Z3alpha,1,0.27222680300474167
BV/2017-Preiner-keymaera/intersection-example-simple.proof-node368193.smt2,Z3alpha,1,0.26854200079105794
BV/2018-Preiner-cav18/check_bvslt_bvmul_32bit.smt2,YicesQS,1,0.26679832208901644
BV/2017-Preiner-scholl-smt08/RND/RND_3_24.smt2,YicesQS,0,1201.7247262001038
BV/20170501-Heizmann-UltimateAutomizer/MultCommutative_true-unreach-call_true-no-overflow_true-termination.c_3226.smt2,cvc5,1,0.22980329208076
BV/20230321-UltimateAutomizerSvcomp2023/soft_float_1-1.c.cil.c_9.smt2,cvc5,1,80.38322732108645
BV/20230321-UltimateAutomizerSvcomp2023/btor2c-eagerMod.bakery.1.prop1-func-interl.c_4.smt2,cvc5,1,0.3176113630179316
BV/2017-Preiner-keymaera/intersection-example-simple.proof-node247731.smt2,Z3alpha,1,0.27912605996243656
BV/2020-Preiner-fmcad20/inv/check_ic_bvuge_x_s_64.smt2,Bitwuzla,1,0.26700058206915855
BV/20230321-UltimateAutomizerSvcomp2023/jain_6-1.c_8.smt2,cvc5,1,9.290022172033787
BV/20210330-PEak/no-extern-loop_sat_subset/easy4.smt2,Z3alpha,1,5.725777071900666
BV/2017-Preiner-keymaera/intersection-example-simple.proof-node479619.smt2,Z3alpha,1,0.2725774070713669
BV/2017-Preiner-scholl-smt08/RNDPRE/RNDPRE_4_4.smt2,YicesQS,0,1201.722499699099
BV/20190429-UltimateAutomizerSvcomp2019/sum02_false-unreach-call_true-no-overflow.c_5.smt2,YicesQS,0,1201.747397706844
BV/2017-Preiner-keymaera/intersection-example-simple.proof-node673526.smt2,Z3alpha,1,0.268146607093513
BV/2020-Preiner-fmcad20/inv/check_ic_bvshl_s_x_64.smt2,Bitwuzla,1,1.007848913082853
BV/20210330-PEak/no-extern-loop_sat_subset/easy1.smt2,Z3alpha,1,0.36217132094316185
BV/2017-Preiner-scholl-smt08/RNDPRE/RNDPRE_3_43.smt2,YicesQS,1,0.27193399402312934
BV/2018-Preiner-cav18/check_bvult_bvashr1_64bit.smt2,YicesQS,1,0.2810380170121789
BV/2017-Preiner-keymaera/intersection-example-simple.proof-node287705.smt2,Z3alpha,1,0.29557946999557316
BV/2018-Preiner-cav18/check_bvslt_bvudiv1_64bit.smt2,YicesQS,1,0.4041326099541038
BV/2017-Preiner-scholl-smt08/RNDPRE/RNDPRE_4_30.smt2,YicesQS,1,2.564020928926766
BV/2018-Preiner-cav18/check_eq_bvudiv0_64bit.smt2,YicesQS,0,1201.7222653999925
BV/2020-Preiner-fmcad20/cons/check_cc_distinct_x_s_64.smt2,Bitwuzla,1,0.24530118191614747
BV/2017-Preiner-keymaera/binary_driver-2007-10-09-node8746.smt2,YicesQS,1,0.2944460411090404
BV/2017-Preiner-keymaera/intersection-example-simple.proof-node630639.smt2,Z3alpha,1,0.3334669768810272
BV/20190429-UltimateAutomizerSvcomp2019/jain_2_true-unreach-call_true-no-overflow_false-termination.i_17.smt2,YicesQS,1,0.2754714679904282
BV/2017-Preiner-keymaera/intersection-example-onelane.proof-node24127.smt2,Z3alpha,1,0.42779482901096344
BV/2017-Preiner-keymaera/intersection-example-simple.proof-node171778.smt2,Z3alpha,1,0.2686668769456446
BV/2020-Preiner-fmcad20/cons/check_cc_x_s_64.smt2,Bitwuzla,1,0.22458148282021284
BV/2018-Preiner-cav18/check_bvsgt_bvconcat1_64_64bit.smt2,YicesQS,1,0.3199035469442606
BV/2017-Preiner-keymaera/intersection-example-onelane.proof-node16159.smt2,Z3alpha,1,1.6761787040159106
BV/2020-Preiner-fmcad20/inv/check_ic_bvudiv_s_x_4.smt2,Bitwuzla,1,0.29450230300426483
BV/2017-Preiner-keymaera/intersection-example-simple.proof-node709258.smt2,Z3alpha,1,0.2866374070290476
BV/2017-Preiner-scholl-smt08/RND/RND_3_1.smt2,YicesQS,0,1201.7127916319296
BV/2020-Preiner-fmcad20/inv/check_ic_concat_x_s_4.smt2,Bitwuzla,1,0.2385997821111232
BV/2017-Preiner-keymaera/intersection-example-simple.proof-node267466.smt2,Z3alpha,1,0.2716211841907352
BV/2018-Preiner-cav18/check_bvsle_bvashr1_64bit.smt2,YicesQS,1,0.259288266999647
BV/wintersteiger/fmsd13/ranking/AVStream_image.cpp.smt2,Bitwuzla,1,0.22803475498221815
BV/wintersteiger/fmsd13/ranking/filesys_cdfs_allocsup.c.smt2,Bitwuzla,1,0.2628710779827088
BV/2017-Preiner-keymaera/intersection-example-simple.proof-node268443.smt2,Z3alpha,1,0.282337648794055
BV/20230321-UltimateAutomizerSvcomp2023/btor2c-lazyMod.protocols.1.prop1-func-interl.c_0.smt2,cvc5,1,0.4330805391073227
BV/2017-Preiner-keymaera/intersection-example-simple.proof-node717892.smt2,Z3alpha,1,0.26983190095052123
BV/20190429-UltimateAutomizerSvcomp2019/soft_float_4_true-unreach-call_true-no-overflow_true-termination.c.cil.c_3.smt2,YicesQS,1,0.2560520020779222
BV/2017-Preiner-keymaera/intersection-example-simple.proof-node151296.smt2,Z3alpha,1,0.2678078811150044
BV/2018-Preiner-cav18/check_bvule_bvashr1_64bit.smt2,YicesQS,1,0.25707430904731154
BV/2017-Preiner-keymaera/intersection-example-simple.proof-node254826.smt2,Z3alpha,1,0.2694322590250522
BV/2017-Preiner-scholl-smt08/RNDPRE/RNDPRE_3_52.smt2,YicesQS,1,700.9393066300545
BV/2017-Preiner-psyco/121.smt2,Z3alpha,1,0.2900354010052979
BV/2017-Preiner-keymaera/intersection-example-simple.proof-node550289.smt2,Z3alpha,1,0.2951660789549351
BV/2020-Preiner-fmcad20/cons/check_cc_bvand_x_s_4.smt2,Bitwuzla,1,0.24389146687462926
BV/20230321-UltimateAutomizerSvcomp2023/jain_6-1.c_5.smt2,cvc5,1,4.173342391848564
BV/2017-Preiner-keymaera/intersection-example-onelane.proof-node32497.smt2,Z3alpha,1,0.3748751990497112
BV/2020-Preiner-fmcad20/cons/check_cc_x_s_32.smt2,Bitwuzla,1,0.2297402808908373
BV/20230321-UltimateAutomizerSvcomp2023/heapsort.i_2.smt2,cvc5,1,240.31509920582175
BV/2017-Preiner-keymaera/intersection-example-simple.proof-node618750.smt2,Z3alpha,1,0.2689518870320171
BV/20230321-UltimateAutomizerSvcomp2023/jain_7-1.c_2.smt2,cvc5,1,0.2328520379960537
BV/2018-Preiner-cav18/check_eq_bvudiv1_64bit.smt2,YicesQS,0,1201.7193574639969
BV/2020-Preiner-fmcad20/inv/check_ic_bvurem_x_s_64.smt2,Bitwuzla,0,1201.29143367894
BV/2020-Preiner-fmcad20/inv/check_ic_bvsge_s_x_4.smt2,Bitwuzla,1,0.22353046108037233
BV/20190429-UltimateAutomizerSvcomp2019/jain_7_true-unreach-call_true-no-overflow_false-termination.i_7.smt2,YicesQS,1,0.22506519313901663
BV/2017-Preiner-scholl-smt08/RND/RND_4_11.smt2,YicesQS,1,1.2575781429186463
BV/2018-Preiner-cav18/check_ne_bvudiv0_64bit.smt2,YicesQS,1,0.38065012311562896
BV/2017-Preiner-keymaera/intersection-example-simple.proof-node369550.smt2,Z3alpha,1,0.35519423289224505
BV/2017-Preiner-keymaera/intersection-example-simple.proof-node288860.smt2,Z3alpha,1,0.27150011505000293
BV/2017-Preiner-keymaera/intersection-example-simple.proof-node365475.smt2,Z3alpha,1,0.2898376970551908
BV/20190429-UltimateAutomizerSvcomp2019/jain_6_true-unreach-call_true-no-overflow_false-termination.i_18.smt2,YicesQS,1,0.29307530215010047
BV/2017-Preiner-scholl-smt08/model/model_6_22.smt2,YicesQS,1,0.2534120329655707
BV/2017-Preiner-psyco/079.smt2,Z3alpha,1,0.4500611638650298
BV/2020-Preiner-fmcad20/inv/check_ic_bvurem_s_x_32.smt2,Bitwuzla,0,1201.2300787409768
BV/2020-Preiner-fmcad20/inv/check_ic_concat_s_x_32.smt2,Bitwuzla,1,0.22452828683890402
BV/wintersteiger/fmsd13/ranking/filesys_filter_namelookup.c.smt2,Bitwuzla,1,2.4249664060771465
BV/2017-Preiner-scholl-smt08/RNDPRE/RNDPRE_4_55.smt2,YicesQS,1,0.7101773761678487
BV/20190429-UltimateAutomizerSvcomp2019/jain_7_true-unreach-call_true-no-overflow_false-termination.i_19.smt2,YicesQS,1,0.23073494504205883
BV/20190429-UltimateAutomizerSvcomp2019/soft_float_4_true-unreach-call_true-no-overflow_true-termination.c.cil.c_5.smt2,YicesQS,1,0.22319393791258335
BV/2017-Preiner-keymaera/intersection-example-simple.proof-node95128.smt2,Z3alpha,1,0.2686846540309489
BV/2017-Preiner-keymaera/binary_driver-2007-10-09-node14896.smt2,YicesQS,1,0.2895142089109868
BV/2017-Preiner-keymaera/intersection-example-simple.proof-node677435.smt2,Z3alpha,1,0.29491929220966995
BV/2017-Preiner-keymaera/binary_driver-2007-10-09-node13791.smt2,YicesQS,1,0.3132311070803553
BV/2017-Preiner-scholl-smt08/model/model_6_31.smt2,YicesQS,1,0.22171818697825074
BV/2017-Preiner-keymaera/intersection-example-simple.proof-node174126.smt2,Z3alpha,1,0.2685732131358236
BV/20230321-UltimateAutomizerSvcomp2023/jain_4-1.c_11.smt2,cvc5,1,17.280238976934925
BV/20210330-PEak/no-extern-loop_sat_subset/medium2.smt2,Z3alpha,0,0.4923010249622166
BV/2017-Preiner-scholl-smt08/RNDPRE/RNDPRE_4_35.smt2,YicesQS,1,701.2091840198264
BV/2017-Preiner-UltimateAutomizer/Primes_true-unreach-call.c_2207.smt2,cvc5,1,0.4469990290235728
BV/2017-Preiner-keymaera/intersection-example-simple.proof-node349694.smt2,Z3alpha,1,0.27310467697679996
BV/2017-Preiner-scholl-smt08/model/model_6_17.smt2,YicesQS,1,0.22220105701126158
BV/2017-Preiner-psyco/101.smt2,Z3alpha,1,0.45278036198578775
BV/2017-Preiner-keymaera/intersection-example-simple.proof-node682293.smt2,Z3alpha,1,0.2690604170784354
BV/wintersteiger/fmsd13/ranking/audio_ac97_wavepcistream2.cpp.smt2,Bitwuzla,1,0.2555182729847729
BV/2017-Preiner-psyco/167.smt2,Z3alpha,1,0.39039456006139517
BV/2018-Preiner-cav18/check_eq_bvmul_32bit.smt2,YicesQS,1,0.24902734509669244
BV/2017-Preiner-keymaera/intersection-example-onelane.proof-node54859.smt2,Z3alpha,1,5.209097246173769
BV/2017-Preiner-keymaera/intersection-example-simple.proof-node174885.smt2,Z3alpha,1,0.26871758815832436
BV/2020-Preiner-fmcad20/cons/check_cc_bvlshr_s_x_32.smt2,Bitwuzla,0,1201.2745116350707
BV/2018-Preiner-cav18/check_bvsgt_bvlshr1_64bit.smt2,YicesQS,1,0.2486731552053243
BV/2017-Preiner-keymaera/intersection-example-simple.proof-node551029.smt2,Z3alpha,1,0.26785828708671033
BV/2018-Preiner-cav18/check_eq_bvmul_64bit.smt2,YicesQS,1,0.3312441420275718
BV/20190429-UltimateAutomizerSvcomp2019/soft_float_4_true-unreach-call_true-no-overflow_true-termination.c.cil.c_8.smt2,YicesQS,1,0.2486417880281806
BV/2017-Preiner-keymaera/bouncing-ball-inv-node6249.smt2,Z3alpha,1,0.32738139294087887
BV/2018-Preiner-cav18/check_bvugt_bvconcat0_64_64bit.smt2,YicesQS,1,0.2830759210046381
BV/2017-Preiner-keymaera/ETCS-essentials-live2.proof-node640.smt2,Bitwuzla,1,0.2983378891367465
BV/20190429-UltimateAutomizerSvcomp2019/jain_7_true-unreach-call_true-no-overflow_false-termination.i_15.smt2,YicesQS,1,0.2985516209155321
BV/20170501-Heizmann-UltimateAutomizer/jain_6_true-unreach-call_true-no-overflow.i_58.smt2,cvc5,1,2.489260914037004
BV/2017-Preiner-scholl-smt08/model/model_5_17.smt2,YicesQS,1,0.26002705888822675
BV/2017-Preiner-keymaera/intersection-example-simple.proof-node601999.smt2,Z3alpha,1,0.2748196020256728
BV/2018-Preiner-cav18/check_bvuge_bvconcat0_2_64bit.smt2,YicesQS,1,0.25634836801327765
BV/2017-Preiner-keymaera/intersection-example-simple.proof-node291962.smt2,Z3alpha,1,0.3058891841210425
BV/2017-Preiner-psyco/115.smt2,Z3alpha,1,0.3612279479857534
BV/2017-Preiner-keymaera/intersection-example-simple.proof-node269013.smt2,Z3alpha,1,0.27312701800838113
BV/2017-Preiner-keymaera/intersection-example-simple.proof-node385140.smt2,Z3alpha,1,0.2960454279091209
BV/2017-Preiner-keymaera/intersection-example-onelane.proof-node18278.smt2,Z3alpha,1,0.7669442971237004
BV/20210301-Alive2/oggenc/283_oggenc.smt2,Bitwuzla,0,1201.3288931099232
BV/2017-Preiner-psyco/133.smt2,Z3alpha,1,0.3016371929552406
BV/wintersteiger/fmsd13/fixpoint/small-equiv-fixpoint-6.smt2,cvc5,1,0.2259739621076733
BV/2017-Preiner-keymaera/intersection-example-onelane.proof-node39751.smt2,Z3alpha,1,2.2941991700790823
BV/2017-Preiner-keymaera/intersection-example-onelane.proof-node30209.smt2,Z3alpha,1,0.863513455959037
BV/2018-Preiner-cav18/check_bvsgt_bvurem1_64bit.smt2,YicesQS,0,1201.7542646091897
BV/2017-Preiner-keymaera/intersection-example-simple.proof-node253609.smt2,Z3alpha,1,0.270659692119807
BV/20170501-Heizmann-UltimateAutomizer/jain_4_true-unreach-call_true-no-overflow.i_435.smt2,cvc5,1,1.8720041851047426
BV/2017-Preiner-keymaera/intersection-example-simple.proof-node93152.smt2,Z3alpha,1,0.2678916889708489
BV/20190429-UltimateAutomizerSvcomp2019/jain_7_true-unreach-call_true-no-overflow_false-termination.i_9.smt2,YicesQS,1,0.2825491181574762
BV/2017-Preiner-keymaera/intersection-example-onelane.proof-node25171.smt2,Z3alpha,1,0.35235232883132994
BV/2017-Preiner-scholl-smt08/RND/RND_6_2.smt2,YicesQS,0,1201.7221055780537
BV/2017-Preiner-psyco/076.smt2,Z3alpha,1,0.3278850659262389
BV/2017-Preiner-keymaera/intersection-example-simple.proof-node561425.smt2,Z3alpha,1,0.27229656698182225
BV/wintersteiger/fmsd13/ranking/audio_fmsynth_miniport.cpp.smt2,Bitwuzla,1,0.22853795485571027
BV/wintersteiger/fmsd13/ranking/filesys_fastfat_cachesup.c.smt2,Bitwuzla,1,0.2403065450489521
BV/2017-Preiner-scholl-smt08/model/model_5_10.smt2,YicesQS,1,0.24439787189476192
BV/20190429-UltimateAutomizerSvcomp2019/sum02_false-unreach-call_true-no-overflow.c_1.smt2,YicesQS,0,1201.7397453330923
BV/2018-Preiner-cav18/check_bvsle_bvashr1_32bit.smt2,YicesQS,1,0.2248542751185596
BV/2018-Preiner-cav18/check_bvsle_bvlshr0_4bit.smt2,YicesQS,1,0.2209807550534606
BV/2017-Preiner-keymaera/intersection-example-simple.proof-node172570.smt2,Z3alpha,1,0.26889544795267284
BV/20190429-UltimateAutomizerSvcomp2019/soft_float_4_true-unreach-call_true-no-overflow_true-termination.c.cil.c_7.smt2,YicesQS,1,0.23358475393615663
BV/2017-Preiner-scholl-smt08/RNDPRE/RNDPRE_3_12.smt2,YicesQS,1,1.2708261380903423
BV/wintersteiger/fmsd13/fixpoint/sdlx-fixpoint-10.smt2,cvc5,0,212.28523532790132
BV/20170501-Heizmann-UltimateAutomizer/jain_2_true-unreach-call_true-no-overflow.i_461.smt2,cvc5,1,0.7975296929944307
BV/2018-Preiner-cav18/check_bvslt_bvlshr0_64bit.smt2,YicesQS,1,0.26302779000252485
BV/2018-Preiner-cav18/check_ne_bvurem1_32bit.smt2,YicesQS,1,0.2953650269191712
BV/2017-Preiner-psyco/048.smt2,Z3alpha,1,0.34766647405922413
BV/2017-Preiner-psyco/035.smt2,Z3alpha,1,0.5043709019664675
BV/2017-Preiner-keymaera/intersection-example-simple.proof-node391949.smt2,Z3alpha,1,0.31605138606391847
BV/2020-Preiner-fmcad20/inv/check_ic_distinct_x_s_32.smt2,Bitwuzla,1,0.2743545479606837
BV/2017-Preiner-scholl-smt08/model/model_6_44.smt2,YicesQS,1,0.2933158720843494
BV/2017-Preiner-psyco/095.smt2,Z3alpha,1,0.39072123006917536
BV/20230321-UltimateAutomizerSvcomp2023/soft_float_4-2.c.cil.c_3.smt2,cvc5,1,80.33248398290016
BV/2017-Preiner-keymaera/intersection-example-simple.proof-node167638.smt2,Z3alpha,1,0.29373557190410793
BV/2020-Preiner-fmcad20/inv/check_ic_sext_2_32.smt2,Bitwuzla,1,0.21720632095821202
BV/2017-Preiner-scholl-smt08/RND/RND_4_3.smt2,YicesQS,1,0.22441766993142664
BV/2017-Preiner-keymaera/intersection-example-simple.proof-node171004.smt2,Z3alpha,1,0.29947914206422865
BV/2017-Preiner-psyco/113.smt2,Z3alpha,1,0.34747042297385633
BV/2017-Preiner-keymaera/intersection-example-simple.proof-node347928.smt2,Z3alpha,1,0.270925483899191
BV/2017-Preiner-keymaera/intersection-example-onelane.proof-node46589.smt2,Z3alpha,1,0.43022631108760834
BV/2017-Preiner-scholl-smt08/RNDPRE/RNDPRE_3_58.smt2,YicesQS,1,1.5114977178163826
BV/20230321-UltimateAutomizerSvcomp2023/heapsort.i_3.smt2,cvc5,1,240.29807647690177
BV/wintersteiger/fmsd13/ranking/audio_ddksynth_voice.cpp.smt2,Bitwuzla,1,0.23021453293040395
BV/20230321-UltimateAutomizerSvcomp2023/soft_float_4-2.c.cil.c_4.smt2,cvc5,1,80.37856295495294
BV/2018-Preiner-cav18/check_bvsle_bvlshr0_32bit.smt2,YicesQS,1,0.2224292370956391
BV/2018-Preiner-cav18/check_bvslt_bvadd_64bit.smt2,YicesQS,1,0.22189259505830705
BV/2017-Preiner-keymaera/intersection-example-simple.proof-node476763.smt2,Z3alpha,1,0.27082202094607055
BV/2017-Preiner-UltimateAutomizer/Primes_true-unreach-call.c_678.smt2,cvc5,1,0.22556557809002697
BV/20170501-Heizmann-UltimateAutomizer/jain_7_true-unreach-call_true-no-overflow.i_431.smt2,cvc5,1,0.784650482935831
BV/2017-Preiner-scholl-smt08/RNDPRE/RNDPRE_4_12.smt2,YicesQS,0,1201.7216692809016
BV/2017-Preiner-keymaera/intersection-example-simple.proof-node560330.smt2,Z3alpha,1,0.2915635530371219
BV/2020-Preiner-fmcad20/cons/check_cc_bvuge_x_s_4.smt2,Bitwuzla,1,0.22126100095920265
BV/2018-Preiner-cav18/check_bvsgt_bvurem1_32bit.smt2,YicesQS,0,1201.742855726974
BV/2017-Preiner-scholl-smt08/RND/RND_6_28.smt2,YicesQS,0,1201.720294685103
BV/2017-Preiner-keymaera/intersection-example-simple.proof-node268667.smt2,Z3alpha,1,0.2951791291125119
BV/2018-Preiner-cav18/check_bvugt_bvmul_64bit.smt2,YicesQS,1,0.3286156349349767
BV/2017-Preiner-scholl-smt08/model/model_6_67.smt2,YicesQS,1,0.2816907740198076
BV/2017-Preiner-keymaera/intersection-example-onelane.proof-node44538.smt2,Z3alpha,1,0.4928533148486167
BV/2017-Preiner-scholl-smt08/RND/RND_6_13.smt2,YicesQS,0,1201.7141218939796
BV/20230321-UltimateAutomizerSvcomp2023/jain_4-1.c_7.smt2,cvc5,1,8.040528615005314
BV/2017-Preiner-keymaera/intersection-example-simple.proof-node295273.smt2,Z3alpha,1,0.2671125328633934
BV/20170501-Heizmann-UltimateAutomizer/jain_2_true-unreach-call_true-no-overflow.i_435.smt2,cvc5,1,0.9228261788375676
BV/2017-Preiner-scholl-smt08/model/model_5_3.smt2,YicesQS,1,0.2516109759453684
BV/2020-Preiner-fmcad20/inv/check_ic_concat_s_x_64.smt2,Bitwuzla,1,0.25865146005526185
BV/2017-Preiner-keymaera/intersection-example-simple.proof-node194065.smt2,Z3alpha,1,0.2733093451242894
BV/2017-Preiner-scholl-smt08/model/model_6_69.smt2,YicesQS,1,0.23777078604325652
BV/20210330-PEak/extern-loop_unsat_subset/medium.smt2,Z3alpha,0,0.5009270368609577
BV/20230321-UltimateAutomizerSvcomp2023/linear-inequality-inv-a.c_5.smt2,cvc5,1,0.259008303983137
BV/2017-Preiner-scholl-smt08/RNDPRE/RNDPRE_4_40.smt2,YicesQS,0,1201.7226342658978
BV/2017-Preiner-scholl-smt08/RND/RND_3_29.smt2,YicesQS,1,0.31636994681321084
BV/2020-Preiner-fmcad20/inv/check_ic_bvshl_s_x_32.smt2,Bitwuzla,1,0.4806494910735637
BV/2020-Preiner-fmcad20/cons/check_cc_bvshl_s_x_4.smt2,Bitwuzla,1,0.2339379689656198
BV/2017-Preiner-scholl-smt08/model/model_5_64.smt2,YicesQS,1,0.2238516970537603
BV/2017-Preiner-scholl-smt08/model/model_6_40.smt2,YicesQS,1,0.2981296710204333
BV/20190429-UltimateAutomizerSvcomp2019/jain_7_true-unreach-call_true-no-overflow_false-termination.i_21.smt2,YicesQS,1,0.24298700201325119
BV/2017-Preiner-scholl-smt08/RNDPRE/RNDPRE_4_58.smt2,YicesQS,1,709.1490236849058
BV/2017-Preiner-keymaera/intersection-example-simple.proof-node252840.smt2,Z3alpha,1,0.2694783990737051
BV/20230321-UltimateAutomizerSvcomp2023/soft_float_4-1.c.cil.c_9.smt2,cvc5,1,80.36581631097943
BV/20170501-Heizmann-UltimateAutomizer/jain_7_true-unreach-call_true-no-overflow.i_253.smt2,cvc5,1,0.9999546860344708
BV/2017-Preiner-scholl-smt08/RNDPRE/RNDPRE_4_36.smt2,YicesQS,1,733.0044331010431
BV/2020-Preiner-fmcad20/cons/check_cc_urem_x_s_4.smt2,Bitwuzla,1,0.2584638560656458
BV/20230321-UltimateAutomizerSvcomp2023/jain_7-1.c_0.smt2,cvc5,1,3.1384364410769194
BV/20170501-Heizmann-UltimateAutomizer/jain_7_true-unreach-call_true-no-overflow.i_250.smt2,cvc5,1,1.175224191043526
BV/2020-Preiner-fmcad20/inv/check_ic_bvurem_s_x_64.smt2,Bitwuzla,0,1201.257665954996
BV/2017-Preiner-keymaera/intersection-example-simple.proof-node346170.smt2,Z3alpha,1,0.27571746497415006
BV/2020-Preiner-fmcad20/inv/check_ic_bvslt_x_s_64.smt2,Bitwuzla,1,0.2432605461217463
BV/2020-Preiner-fmcad20/cons/check_cc_bvuge_x_s_32.smt2,Bitwuzla,1,0.24536562408320606
BV/2017-Preiner-keymaera/intersection-example-simple.proof-node189374.smt2,Z3alpha,1,0.27454332588240504
BV/2017-Preiner-keymaera/intersection-example-simple.proof-node292166.smt2,Z3alpha,1,0.29672729689627886
BV/2017-Preiner-scholl-smt08/RND/RND_3_30.smt2,YicesQS,0,1201.7130981981754
BV/2017-Preiner-keymaera/intersection-example-simple.proof-node709146.smt2,Z3alpha,1,0.28762301709502935
BV/2020-Preiner-fmcad20/cons/check_cc_concat_s_x_32.smt2,Bitwuzla,1,0.2211455290671438
BV/20170501-Heizmann-UltimateAutomizer/sum02_false-unreach-call_true-no-overflow.c_415.smt2,cvc5,1,240.32571885501966
BV/2017-Preiner-keymaera/intersection-example-onelane.proof-node13832.smt2,Z3alpha,1,0.32191950478591025
BV/2017-Preiner-scholl-smt08/model/model_6_11.smt2,YicesQS,1,0.2207671902142465
BV/wintersteiger/fmsd13/ranking/hid_hclient_ecdisp.c.smt2,Bitwuzla,1,0.2694603868294507
BV/2017-Preiner-keymaera/intersection-example-simple.proof-node602111.smt2,Z3alpha,1,0.29643543995916843
BV/2018-Preiner-cav18/check_bvsle_bvlshr0_64bit.smt2,YicesQS,1,0.22507096105255187
BV/2017-Preiner-scholl-smt08/RND/RND_3_4.smt2,YicesQS,0,1201.7275750651024
BV/2020-Preiner-fmcad20/cons/check_cc_urem_x_s_32.smt2,Bitwuzla,0,1201.2667358878534
BV/2017-Preiner-keymaera/bouncing-ball-simple-node5587.smt2,Z3alpha,1,33.602940142853186
BV/2017-Preiner-keymaera/intersection-example-simple.proof-node561763.smt2,Z3alpha,1,0.27132935100235045
BV/2017-Preiner-keymaera/intersection-example-onelane.proof-node11136.smt2,Z3alpha,1,0.32971230312250555
BV/2017-Preiner-keymaera/intersection-example-simple.proof-node694990.smt2,Z3alpha,1,0.267667172010988
BV/20190429-UltimateAutomizerSvcomp2019/jain_2_true-unreach-call_true-no-overflow_false-termination.i_1.smt2,YicesQS,1,0.28504121908918023
BV/2017-Preiner-scholl-smt08/model/model_6_8.smt2,YicesQS,1,0.24027051613666117
BV/2017-Preiner-keymaera/intersection-example-simple.proof-node391142.smt2,Z3alpha,1,0.2914448289666325
BV/20230321-UltimateAutomizerSvcomp2023/btor2c-lazyMod.fischer.1.prop1-back-serstep.c_2.smt2,cvc5,1,0.2689356568735093
BV/20170501-Heizmann-UltimateAutomizer/jain_6_true-unreach-call_true-no-overflow.i_225.smt2,cvc5,1,3.4095759470947087
BV/2020-Preiner-fmcad20/cons/check_cc_bvslt_x_s_4.smt2,Bitwuzla,1,0.2394321442116052
BV/20210301-Alive2/oggenc/363_oggenc.smt2,Bitwuzla,0,1201.345525239827
BV/2017-Preiner-keymaera/binary_driver-2007-10-09-node8745.smt2,YicesQS,1,0.3478069200646132
BV/2017-Preiner-keymaera/intersection-example-simple.proof-node174997.smt2,Z3alpha,1,0.2684622691012919
BV/2018-Preiner-cav18/check_eq_bvshl0_32bit.smt2,YicesQS,1,0.3229160769842565
BV/2017-Preiner-keymaera/intersection-example-onelane.proof-node17882.smt2,Z3alpha,1,0.5663303670007735
BV/2017-Preiner-keymaera/bouncing-ball-simple-node5963.smt2,Z3alpha,1,0.27070432296022773
BV/2018-Preiner-cav18/check_bvsle_bvashr0_32bit.smt2,YicesQS,1,0.2349441519472748
BV/2020-Preiner-fmcad20/inv/check_ic_bvurem_s_x_4.smt2,Bitwuzla,1,0.2802606960758567
BV/2020-Preiner-fmcad20/inv/check_ic_distinct_x_s_4.smt2,Bitwuzla,1,0.2265123559627682
BV/2017-Preiner-keymaera/intersection-example-simple.proof-node479629.smt2,Z3alpha,1,0.29857719992287457
BV/2017-Preiner-keymaera/intersection-example-simple.proof-node559637.smt2,Z3alpha,1,0.2705465869512409
BV/20230321-UltimateAutomizerSvcomp2023/jain_6-1.c_7.smt2,cvc5,1,6.131093892036006
BV/2018-Preiner-cav18/check_bvsge_bvshl0_32bit.smt2,YicesQS,1,0.24784866417758167
BV/2017-Preiner-keymaera/intersection-example-simple.proof-node192976.smt2,Z3alpha,1,0.29404157493263483
BV/2017-Preiner-keymaera/intersection-example-onelane.proof-node21762.smt2,Z3alpha,1,0.4594812709838152
BV/2017-Preiner-keymaera/intersection-example-simple.proof-node392295.smt2,Z3alpha,1,0.270753838121891
BV/2017-Preiner-keymaera/train_goal4-node5686.smt2,Bitwuzla,1,0.6874632819090039
BV/2017-Preiner-keymaera/intersection-example-onelane.proof-node5581.smt2,Z3alpha,1,0.7189400128554553
BV/2017-Preiner-keymaera/intersection-example-simple.proof-node150970.smt2,Z3alpha,1,0.2695668959058821
BV/wintersteiger/fmsd13/fixpoint/AR-fixpoint-7.smt2,cvc5,1,0.22395539307035506
BV/2017-Preiner-scholl-smt08/RNDPRE/RNDPRE_3_30.smt2,YicesQS,1,0.2412830840330571
BV/2017-Preiner-scholl-smt08/model/model_5_8.smt2,YicesQS,1,0.24581734207458794
BV/2017-Preiner-keymaera/intersection-example-simple.proof-node350275.smt2,Z3alpha,1,0.2800896370317787
BV/wintersteiger/fmsd13/ranking/1394diag_isochapi.c.smt2,Bitwuzla,1,0.23030463396571577
BV/2018-Preiner-cav18/check_bvsge_bvudiv0_32bit.smt2,YicesQS,0,1201.742084902944
BV/2020-Preiner-fmcad20/inv/check_ic_concat_x_s_64.smt2,Bitwuzla,1,0.258454933995381
BV/20230321-UltimateAutomizerSvcomp2023/soft_float_4-2.c.cil.c_7.smt2,cvc5,1,80.36542613897473
BV/2018-Preiner-cav18/check_bvugt_bvshl1_64bit.smt2,YicesQS,1,1.5543233619537205
BV/20190429-UltimateAutomizerSvcomp2019/jain_6_true-unreach-call_true-no-overflow_false-termination.i_5.smt2,YicesQS,1,0.23275935696437955
BV/20230321-UltimateAutomizerSvcomp2023/jain_4-1.c_5.smt2,cvc5,1,6.740697179920971
BV/2017-Preiner-keymaera/intersection-example-simple.proof-node369759.smt2,Z3alpha,1,0.2694223311264068
BV/20190429-UltimateAutomizerSvcomp2019/jain_2_true-unreach-call_true-no-overflow_false-termination.i_14.smt2,YicesQS,1,0.3314807990100235
BV/2017-Preiner-scholl-smt08/RND/RND_6_21.smt2,YicesQS,0,1201.7137765779626
BV/llvm13-smtlib/08.smt2,cvc5,1,4.399241263046861
BV/2017-Preiner-keymaera/intersection-example-simple.proof-node264195.smt2,Z3alpha,1,0.3008864549919963
BV/2017-Preiner-keymaera/intersection-example-simple.proof-node488018.smt2,Z3alpha,1,0.26893589179962873
BV/2017-Preiner-keymaera/dccs-example-simple-node6246.smt2,YicesQS,1,0.2843734519556165
BV/20190429-UltimateAutomizerSvcomp2019/jain_2_true-unreach-call_true-no-overflow_false-termination.i_9.smt2,YicesQS,1,0.25643749511800706
BV/20210330-PEak/extern-loop_sat_subset/medium0.smt2,Z3alpha,0,0.6278497288003564
BV/2017-Preiner-keymaera/intersection-example-simple.proof-node619900.smt2,Z3alpha,1,0.28724666382186115
BV/2017-Preiner-scholl-smt08/RNDPRE/RNDPRE_3_51.smt2,YicesQS,1,1.1955167290288955
BV/2017-Preiner-keymaera/intersection-example-onelane.proof-node38802.smt2,Z3alpha,1,0.30227524298243225
BV/2017-Preiner-keymaera/intersection-example-simple.proof-node267578.smt2,Z3alpha,1,0.27957382006570697
BV/2017-Preiner-scholl-smt08/model/model_5_37.smt2,YicesQS,1,0.44883440621197224
BV/wintersteiger/fmsd13/ranking/network_ndis_rtlnwifi_extsta_st_aplst.c.smt2,Bitwuzla,1,0.22451554890722036
BV/2017-Preiner-psyco/058.smt2,Z3alpha,1,0.6709530539810658
BV/2018-Preiner-cav18/check_bvsle_bvmul_64bit.smt2,YicesQS,1,0.24293092219159007
BV/20190429-UltimateAutomizerSvcomp2019/jain_6_true-unreach-call_true-no-overflow_false-termination.i_1.smt2,YicesQS,1,0.22466101218014956
BV/2017-Preiner-keymaera/intersection-example-simple.proof-node52492.smt2,Z3alpha,1,0.29774207691662014
BV/2017-Preiner-keymaera/intersection-example-simple.proof-node351731.smt2,Z3alpha,1,0.2843212380539626
BV/2017-Preiner-keymaera/intersection-example-simple.proof-node345278.smt2,Z3alpha,1,0.26740379608236253
BV/20230321-UltimateAutomizerSvcomp2023/heapsort.i_0.smt2,cvc5,1,240.39339601714164
BV/2017-Preiner-scholl-smt08/model/model_5_11.smt2,YicesQS,1,0.2535158309619874
BV/20230321-UltimateAutomizerSvcomp2023/jain_6-1.c_10.smt2,cvc5,1,7.997570767067373
BV/2017-Preiner-scholl-smt08/RNDPRE/RNDPRE_4_49.smt2,YicesQS,1,701.4024753058329
BV/wintersteiger/fmsd13/fixpoint/small-equiv-fixpoint-9.smt2,cvc5,1,0.2517116661183536
BV/2017-Preiner-scholl-smt08/RND/RND_3_8.smt2,YicesQS,1,0.25073011592030525
BV/20230321-UltimateAutomizerSvcomp2023/jain_2-2.c_9.smt2,cvc5,1,0.7951854849234223
BV/20170501-Heizmann-UltimateAutomizer/jain_6_true-unreach-call_true-no-overflow.i_431.smt2,cvc5,1,1.5637933951802552
BV/2017-Preiner-keymaera/intersection-example-simple.proof-node367444.smt2,Z3alpha,1,0.3135752209927887
BV/2017-Preiner-keymaera/intersection-example-simple.proof-node737898.smt2,Z3alpha,1,0.2682232051156461
BV/2017-Preiner-keymaera/intersection-example-simple.proof-node74776.smt2,Z3alpha,1,0.3525377120822668
BV/2017-Preiner-keymaera/intersection-example-simple.proof-node384691.smt2,Z3alpha,1,0.2771789620164782
BV/20230321-UltimateAutomizerSvcomp2023/btor2c-eagerMod.bakery.1.prop1-func-interl.c_10.smt2,cvc5,1,0.2915239550638944
BV/2017-Preiner-keymaera/intersection-example-simple.proof-node369346.smt2,Z3alpha,1,0.29174157488159835
BV/2017-Preiner-keymaera/intersection-example-simple.proof-node606132.smt2,Z3alpha,1,0.2682125330902636
BV/2017-Preiner-keymaera/dynamic_reaction_to_static_bounds.proof-node849.smt2,YicesQS,1,0.2317753059323877
BV/2017-Preiner-keymaera/intersection-example-simple.proof-node171228.smt2,Z3alpha,1,0.2968612308613956
BV/2017-Preiner-keymaera/intersection-example-simple.proof-node532347.smt2,Z3alpha,1,0.2817311040125787
BV/2017-Preiner-tptp/NUM917=1.smt2,Z3alpha,1,0.27157225413247943
BV/2017-Preiner-keymaera/intersection-example-simple.proof-node289202.smt2,Z3alpha,1,0.2895766890142113
BV/2017-Preiner-psyco/137.smt2,Z3alpha,1,0.33899104897864163
BV/20170501-Heizmann-UltimateAutomizer/jain_6_true-unreach-call_true-no-overflow.i_432.smt2,cvc5,1,1.3527048910036683
BV/2017-Preiner-keymaera/intersection-example-onelane.proof-node54870.smt2,Z3alpha,1,4.778305426007137
BV/2017-Preiner-keymaera/intersection-example-simple.proof-node198058.smt2,Z3alpha,1,0.30049787694588304
BV/2017-Preiner-keymaera/intersection-example-simple.proof-node561875.smt2,Z3alpha,1,0.269922788022086
BV/2017-Preiner-keymaera/intersection-example-simple.proof-node291850.smt2,Z3alpha,1,0.2984938961453736
BV/20230321-UltimateAutomizerSvcomp2023/heapsort.i_6.smt2,cvc5,1,240.27851094095968
BV/2017-Preiner-keymaera/rbc-controllability-characterisation-node3299.smt2,YicesQS,1,0.23851996008306742
BV/2017-Preiner-keymaera/to_left-node1505.smt2,Bitwuzla,1,0.24422551807947457
BV/wintersteiger/fmsd13/ranking/general_pcidrv_sys_hw_eeprom.c.smt2,Bitwuzla,1,0.8174575939774513
BV/2020-Preiner-fmcad20/inv/check_ic_bvsge_s_x_64.smt2,Bitwuzla,1,0.2579172949772328
BV/wintersteiger/fmsd13/fixpoint/AR-fixpoint-4.smt2,cvc5,1,0.2590282328892499
BV/20230321-UltimateAutomizerSvcomp2023/soft_float_4-1.c.cil.c_8.smt2,cvc5,1,80.33749360777438
BV/2018-Preiner-cav18/check_bvslt_bvurem0_32bit.smt2,YicesQS,1,0.4745883699506521
BV/20230321-UltimateAutomizerSvcomp2023/soft_float_4-2.c.cil.c_6.smt2,cvc5,1,80.3368035000749
BV/20230321-UltimateAutomizerSvcomp2023/linear-inequality-inv-a.c_6.smt2,cvc5,1,0.34276168211363256
BV/2017-Preiner-scholl-smt08/RND/RND_4_1.smt2,YicesQS,1,0.38298240094445646
BV/2017-Preiner-keymaera/intersection-example-onelane.proof-node51016.smt2,Z3alpha,1,0.5764303770847619
BV/2017-Preiner-keymaera/intersection-example-simple.proof-node386295.smt2,Z3alpha,1,0.2684145940002054
BV/wintersteiger/fmsd13/ranking/AVStream_hwsim.cpp.smt2,Bitwuzla,1,21.650067477021366
BV/2018-Preiner-cav18/check_bvugt_bvurem1_32bit.smt2,YicesQS,1,1.1029875071253628
BV/2017-Preiner-keymaera/intersection-example-simple.proof-node152942.smt2,Z3alpha,1,0.29761923593468964
BV/2017-Preiner-keymaera/intersection-example-simple.proof-node551337.smt2,Z3alpha,1,0.26711681694723666
BV/2017-Preiner-keymaera/vsli.proof-node2282.smt2,YicesQS,1,6.882649228908122
BV/2017-Preiner-psyco/033.smt2,Z3alpha,1,0.6019666420761496
BV/2017-Preiner-scholl-smt08/RND/RND_6_6.smt2,YicesQS,1,701.5504680071026
BV/2020-Preiner-fmcad20/cons/check_cc_distinct_x_s_32.smt2,Bitwuzla,1,0.22542947507463396
BV/2017-Preiner-psyco/046.smt2,Z3alpha,1,0.8475487430114299
BV/20170501-Heizmann-UltimateAutomizer/jain_4_true-unreach-call_true-no-overflow.i_342.smt2,cvc5,1,2.621606935048476
BV/2017-Preiner-keymaera/intersection-example-simple.proof-node351935.smt2,Z3alpha,1,0.2965661941561848
BV/20190429-UltimateAutomizerSvcomp2019/jain_7_true-unreach-call_true-no-overflow_false-termination.i_18.smt2,YicesQS,1,0.22761850291863084
BV/wintersteiger/fmsd13/ranking/audio_gfxswap.xp_filter.cpp.smt2,Bitwuzla,1,0.2811439149081707
BV/2017-Preiner-psyco/034.smt2,Z3alpha,1,0.49395867087878287
BV/2017-Preiner-scholl-smt08/model/model_6_3.smt2,YicesQS,1,0.25728198513388634
BV/20230321-UltimateAutomizerSvcomp2023/jain_7-2.c_1.smt2,cvc5,1,3.3200000799261034
BV/2018-Preiner-cav18/check_bvslt_bvashr0_64bit.smt2,YicesQS,1,0.23283639713190496
BV/wintersteiger/fmsd13/ranking/mmedia_gsm610_gsm6103.c.smt2,Bitwuzla,1,0.22600702894851565
BV/2018-Preiner-cav18/check_bvuge_bvconcat0_34_32bit.smt2,YicesQS,1,0.23732598102651536
BV/2017-Preiner-keymaera/intersection-example-simple.proof-node99874.smt2,Z3alpha,1,0.2696310749743134
BV/2017-Preiner-keymaera/intersection-example-simple.proof-node672522.smt2,Z3alpha,1,0.2981465710327029
BV/2020-Preiner-fmcad20/inv/check_ic_bvshl_x_s_4.smt2,Bitwuzla,1,0.2565557830967009
BV/2017-Preiner-keymaera/intersection-example-simple.proof-node249484.smt2,Z3alpha,1,0.2725655499380082
BV/2020-Preiner-fmcad20/inv/check_ic_sext_4_4.smt2,Bitwuzla,1,0.2505899721290916
BV/2017-Preiner-scholl-smt08/RND/RND_3_10.smt2,YicesQS,1,0.2370001662056893
BV/2017-Preiner-scholl-smt08/RNDPRE/RNDPRE_4_50.smt2,YicesQS,0,1201.7124984809197
BV/2018-Preiner-cav18/check_bvslt_bvurem1_64bit.smt2,YicesQS,0,1201.723664366873
BV/2017-Preiner-keymaera/intersection-example-simple.proof-node270758.smt2,Z3alpha,1,0.2886109899263829
BV/2018-Preiner-cav18/check_bvult_bvurem1_64bit.smt2,YicesQS,1,0.3030547210946679
BV/2017-Preiner-keymaera/intersection-example-simple.proof-node251841.smt2,Z3alpha,1,0.2834582510404289
BV/2017-Preiner-keymaera/intersection-example-simple.proof-node151408.smt2,Z3alpha,1,0.2942258429247886
BV/2017-Preiner-psyco/045.smt2,Z3alpha,1,0.7247446679975837
BV/2017-Preiner-keymaera/dccs-example-simple-node3457.smt2,YicesQS,1,0.23336034500971437
BV/2017-Preiner-keymaera/intersection-example-simple.proof-node403505.smt2,Z3alpha,1,0.2712022769264877
BV/20230321-UltimateAutomizerSvcomp2023/jain_2-2.c_3.smt2,cvc5,1,2.4526005589868873
BV/2018-Preiner-cav18/check_bvsgt_bvconcat1_62_4bit.smt2,YicesQS,1,0.23964594583958387
BV/2017-Preiner-keymaera/intersection-example-simple.proof-node190266.smt2,Z3alpha,1,0.31026637204922736
BV/2017-Preiner-keymaera/intersection-example-onelane.proof-node1479.smt2,Z3alpha,1,0.3056156178936362
BV/2017-Preiner-scholl-smt08/model/model_6_56.smt2,YicesQS,1,0.25096977199427783
BV/2017-Preiner-keymaera/intersection-example-simple.proof-node267257.smt2,Z3alpha,1,0.26766524999402463
BV/2017-Preiner-keymaera/dccs-example-simple-node3459.smt2,YicesQS,1,0.25653104903176427
BV/20230321-UltimateAutomizerSvcomp2023/jain_7-1.c_4.smt2,cvc5,1,3.4588380788918585
BV/2017-Preiner-keymaera/intersection-example-simple.proof-node723526.smt2,Z3alpha,1,0.282278086990118
BV/wintersteiger/fmsd13/ranking/network_usbnwifi_mp_util.c.smt2,Bitwuzla,1,12.67855551186949
BV/2017-Preiner-psyco/084.smt2,Z3alpha,1,0.48678528401069343
BV/20230321-UltimateAutomizerSvcomp2023/soft_float_4-2a.c.cil.c_9.smt2,cvc5,1,80.34958557295613
BV/2017-Preiner-scholl-smt08/model/model_5_7.smt2,YicesQS,1,0.2266291759442538
BV/2017-Preiner-psyco/083.smt2,Z3alpha,1,0.6242584409192204
BV/2018-Preiner-cav18/check_bvsle_bvshl1_64bit.smt2,YicesQS,1,0.2498475071042776
