path,Alive2,Alive2-partial-undef,Heizmann-UltimateAutomizer,PEak,Preiner-UltimateAutomizer,Preiner-cav18,Preiner-fmcad20,Preiner-keymaera,Preiner-psyco,Preiner-scholl-smt08,Preiner-tptp,UltimateAutomizerSvcomp2019,UltimateAutomizerSvcomp2023,llvm13-smtlib,wintersteiger
BV/2017-Preiner-scholl-smt08/RND/RND_3_15.smt2,0,0,0,0,0,0,0,0,0,1,0,0,0,0,0
BV/2017-Preiner-scholl-smt08/RND/RND_6_13.smt2,0,0,0,0,0,0,0,0,0,1,0,0,0,0,0
BV/2017-Preiner-scholl-smt08/RND/RND_6_16.smt2,0,0,0,0,0,0,0,0,0,1,0,0,0,0,0
BV/2017-Preiner-scholl-smt08/RND/RND_3_30.smt2,0,0,0,0,0,0,0,0,0,1,0,0,0,0,0
BV/2017-Preiner-scholl-smt08/RND/RND_3_24.smt2,0,0,0,0,0,0,0,0,0,1,0,0,0,0,0
BV/2017-Preiner-scholl-smt08/RND/RND_6_6.smt2,0,0,0,0,0,0,0,0,0,1,0,0,0,0,0
BV/2017-Preiner-scholl-smt08/RND/RND_4_14.smt2,0,0,0,0,0,0,0,0,0,1,0,0,0,0,0
BV/2017-Preiner-scholl-smt08/RND/RND_6_25.smt2,0,0,0,0,0,0,0,0,0,1,0,0,0,0,0
BV/2017-Preiner-scholl-smt08/RND/RND_3_23.smt2,0,0,0,0,0,0,0,0,0,1,0,0,0,0,0
BV/2017-Preiner-scholl-smt08/RND/RND_3_4.smt2,0,0,0,0,0,0,0,0,0,1,0,0,0,0,0
BV/2017-Preiner-scholl-smt08/RND/RND_4_2.smt2,0,0,0,0,0,0,0,0,0,1,0,0,0,0,0
BV/2017-Preiner-scholl-smt08/RND/RND_3_1.smt2,0,0,0,0,0,0,0,0,0,1,0,0,0,0,0
BV/2017-Preiner-scholl-smt08/RND/RND_6_21.smt2,0,0,0,0,0,0,0,0,0,1,0,0,0,0,0
BV/2017-Preiner-scholl-smt08/RND/RND_4_11.smt2,0,0,0,0,0,0,0,0,0,1,0,0,0,0,0
BV/2017-Preiner-scholl-smt08/RND/RND_6_26.smt2,0,0,0,0,0,0,0,0,0,1,0,0,0,0,0
BV/2017-Preiner-scholl-smt08/RND/RND_4_22.smt2,0,0,0,0,0,0,0,0,0,1,0,0,0,0,0
BV/2017-Preiner-scholl-smt08/RND/RND_6_36.smt2,0,0,0,0,0,0,0,0,0,1,0,0,0,0,0
BV/2017-Preiner-scholl-smt08/RND/RND_6_19.smt2,0,0,0,0,0,0,0,0,0,1,0,0,0,0,0
BV/2017-Preiner-scholl-smt08/RND/RND_4_23.smt2,0,0,0,0,0,0,0,0,0,1,0,0,0,0,0
BV/2017-Preiner-scholl-smt08/RND/RND_6_28.smt2,0,0,0,0,0,0,0,0,0,1,0,0,0,0,0
BV/2017-Preiner-scholl-smt08/RND/RND_6_14.smt2,0,0,0,0,0,0,0,0,0,1,0,0,0,0,0
BV/2017-Preiner-scholl-smt08/RND/RND_6_40.smt2,0,0,0,0,0,0,0,0,0,1,0,0,0,0,0
BV/2017-Preiner-scholl-smt08/RND/RND_6_30.smt2,0,0,0,0,0,0,0,0,0,1,0,0,0,0,0
BV/2017-Preiner-scholl-smt08/RND/RND_3_12.smt2,0,0,0,0,0,0,0,0,0,1,0,0,0,0,0
BV/2017-Preiner-scholl-smt08/RND/RND_3_13.smt2,0,0,0,0,0,0,0,0,0,1,0,0,0,0,0
BV/2017-Preiner-scholl-smt08/RND/RND_6_15.smt2,0,0,0,0,0,0,0,0,0,1,0,0,0,0,0
BV/2017-Preiner-scholl-smt08/RND/RND_4_24.smt2,0,0,0,0,0,0,0,0,0,1,0,0,0,0,0
BV/2017-Preiner-scholl-smt08/RND/RND_6_8.smt2,0,0,0,0,0,0,0,0,0,1,0,0,0,0,0
BV/2017-Preiner-scholl-smt08/RND/RND_6_33.smt2,0,0,0,0,0,0,0,0,0,1,0,0,0,0,0
BV/2017-Preiner-scholl-smt08/RND/RND_4_1.smt2,0,0,0,0,0,0,0,0,0,1,0,0,0,0,0
BV/2017-Preiner-scholl-smt08/RND/RND_4_3.smt2,0,0,0,0,0,0,0,0,0,1,0,0,0,0,0
BV/2017-Preiner-scholl-smt08/RND/RND_4_12.smt2,0,0,0,0,0,0,0,0,0,1,0,0,0,0,0
BV/2017-Preiner-scholl-smt08/RND/RND_4_4.smt2,0,0,0,0,0,0,0,0,0,1,0,0,0,0,0
BV/2017-Preiner-scholl-smt08/RND/RND_3_10.smt2,0,0,0,0,0,0,0,0,0,1,0,0,0,0,0
BV/2017-Preiner-scholl-smt08/RND/RND_6_23.smt2,0,0,0,0,0,0,0,0,0,1,0,0,0,0,0
BV/2017-Preiner-scholl-smt08/RND/RND_6_1.smt2,0,0,0,0,0,0,0,0,0,1,0,0,0,0,0
BV/2017-Preiner-scholl-smt08/RND/RND_4_20.smt2,0,0,0,0,0,0,0,0,0,1,0,0,0,0,0
BV/2017-Preiner-scholl-smt08/RND/RND_3_8.smt2,0,0,0,0,0,0,0,0,0,1,0,0,0,0,0
BV/2017-Preiner-scholl-smt08/RND/RND_6_29.smt2,0,0,0,0,0,0,0,0,0,1,0,0,0,0,0
BV/2017-Preiner-scholl-smt08/RND/RND_3_28.smt2,0,0,0,0,0,0,0,0,0,1,0,0,0,0,0
BV/2017-Preiner-scholl-smt08/RND/RND_3_20.smt2,0,0,0,0,0,0,0,0,0,1,0,0,0,0,0
BV/2017-Preiner-scholl-smt08/RND/RND_4_27.smt2,0,0,0,0,0,0,0,0,0,1,0,0,0,0,0
BV/2017-Preiner-scholl-smt08/RND/RND_3_29.smt2,0,0,0,0,0,0,0,0,0,1,0,0,0,0,0
BV/2017-Preiner-scholl-smt08/RND/RND_3_7.smt2,0,0,0,0,0,0,0,0,0,1,0,0,0,0,0
BV/2017-Preiner-scholl-smt08/RND/RND_6_9.smt2,0,0,0,0,0,0,0,0,0,1,0,0,0,0,0
BV/2017-Preiner-scholl-smt08/RND/RND_3_9.smt2,0,0,0,0,0,0,0,0,0,1,0,0,0,0,0
BV/2017-Preiner-scholl-smt08/RND/RND_3_18.smt2,0,0,0,0,0,0,0,0,0,1,0,0,0,0,0
BV/2017-Preiner-scholl-smt08/RND/RND_6_27.smt2,0,0,0,0,0,0,0,0,0,1,0,0,0,0,0
BV/2017-Preiner-scholl-smt08/RND/RND_6_2.smt2,0,0,0,0,0,0,0,0,0,1,0,0,0,0,0
BV/2017-Preiner-scholl-smt08/RNDPRE/RNDPRE_4_36.smt2,0,0,0,0,0,0,0,0,0,1,0,0,0,0,0
BV/2017-Preiner-scholl-smt08/RNDPRE/RNDPRE_3_59.smt2,0,0,0,0,0,0,0,0,0,1,0,0,0,0,0
BV/2017-Preiner-scholl-smt08/RNDPRE/RNDPRE_3_58.smt2,0,0,0,0,0,0,0,0,0,1,0,0,0,0,0
BV/2017-Preiner-scholl-smt08/RNDPRE/RNDPRE_3_46.smt2,0,0,0,0,0,0,0,0,0,1,0,0,0,0,0
BV/2017-Preiner-scholl-smt08/RNDPRE/RNDPRE_4_31.smt2,0,0,0,0,0,0,0,0,0,1,0,0,0,0,0
BV/2017-Preiner-scholl-smt08/RNDPRE/RNDPRE_3_54.smt2,0,0,0,0,0,0,0,0,0,1,0,0,0,0,0
BV/2017-Preiner-scholl-smt08/RNDPRE/RNDPRE_3_12.smt2,0,0,0,0,0,0,0,0,0,1,0,0,0,0,0
BV/2017-Preiner-scholl-smt08/RNDPRE/RNDPRE_4_66.smt2,0,0,0,0,0,0,0,0,0,1,0,0,0,0,0
BV/2017-Preiner-scholl-smt08/RNDPRE/RNDPRE_3_5.smt2,0,0,0,0,0,0,0,0,0,1,0,0,0,0,0
BV/2017-Preiner-scholl-smt08/RNDPRE/RNDPRE_4_35.smt2,0,0,0,0,0,0,0,0,0,1,0,0,0,0,0
BV/2017-Preiner-scholl-smt08/RNDPRE/RNDPRE_4_37.smt2,0,0,0,0,0,0,0,0,0,1,0,0,0,0,0
BV/2017-Preiner-scholl-smt08/RNDPRE/RNDPRE_3_43.smt2,0,0,0,0,0,0,0,0,0,1,0,0,0,0,0
BV/2017-Preiner-scholl-smt08/RNDPRE/RNDPRE_4_57.smt2,0,0,0,0,0,0,0,0,0,1,0,0,0,0,0
BV/2017-Preiner-scholl-smt08/RNDPRE/RNDPRE_4_54.smt2,0,0,0,0,0,0,0,0,0,1,0,0,0,0,0
BV/2017-Preiner-scholl-smt08/RNDPRE/RNDPRE_3_53.smt2,0,0,0,0,0,0,0,0,0,1,0,0,0,0,0
BV/2017-Preiner-scholl-smt08/RNDPRE/RNDPRE_3_26.smt2,0,0,0,0,0,0,0,0,0,1,0,0,0,0,0
BV/2017-Preiner-scholl-smt08/RNDPRE/RNDPRE_4_27.smt2,0,0,0,0,0,0,0,0,0,1,0,0,0,0,0
BV/2017-Preiner-scholl-smt08/RNDPRE/RNDPRE_3_60.smt2,0,0,0,0,0,0,0,0,0,1,0,0,0,0,0
BV/2017-Preiner-scholl-smt08/RNDPRE/RNDPRE_3_2.smt2,0,0,0,0,0,0,0,0,0,1,0,0,0,0,0
BV/2017-Preiner-scholl-smt08/RNDPRE/RNDPRE_3_52.smt2,0,0,0,0,0,0,0,0,0,1,0,0,0,0,0
BV/2017-Preiner-scholl-smt08/RNDPRE/RNDPRE_3_44.smt2,0,0,0,0,0,0,0,0,0,1,0,0,0,0,0
BV/2017-Preiner-scholl-smt08/RNDPRE/RNDPRE_4_16.smt2,0,0,0,0,0,0,0,0,0,1,0,0,0,0,0
BV/2017-Preiner-scholl-smt08/RNDPRE/RNDPRE_4_53.smt2,0,0,0,0,0,0,0,0,0,1,0,0,0,0,0
BV/2017-Preiner-scholl-smt08/RNDPRE/RNDPRE_4_62.smt2,0,0,0,0,0,0,0,0,0,1,0,0,0,0,0
BV/2017-Preiner-scholl-smt08/RNDPRE/RNDPRE_3_29.smt2,0,0,0,0,0,0,0,0,0,1,0,0,0,0,0
BV/2017-Preiner-scholl-smt08/RNDPRE/RNDPRE_3_33.smt2,0,0,0,0,0,0,0,0,0,1,0,0,0,0,0
BV/2017-Preiner-scholl-smt08/RNDPRE/RNDPRE_3_20.smt2,0,0,0,0,0,0,0,0,0,1,0,0,0,0,0
BV/2017-Preiner-scholl-smt08/RNDPRE/RNDPRE_4_55.smt2,0,0,0,0,0,0,0,0,0,1,0,0,0,0,0
BV/2017-Preiner-scholl-smt08/RNDPRE/RNDPRE_3_6.smt2,0,0,0,0,0,0,0,0,0,1,0,0,0,0,0
BV/2017-Preiner-scholl-smt08/RNDPRE/RNDPRE_4_68.smt2,0,0,0,0,0,0,0,0,0,1,0,0,0,0,0
BV/2017-Preiner-scholl-smt08/RNDPRE/RNDPRE_3_56.smt2,0,0,0,0,0,0,0,0,0,1,0,0,0,0,0
BV/2017-Preiner-scholl-smt08/RNDPRE/RNDPRE_3_10.smt2,0,0,0,0,0,0,0,0,0,1,0,0,0,0,0
BV/2017-Preiner-scholl-smt08/RNDPRE/RNDPRE_3_4.smt2,0,0,0,0,0,0,0,0,0,1,0,0,0,0,0
BV/2017-Preiner-scholl-smt08/RNDPRE/RNDPRE_3_9.smt2,0,0,0,0,0,0,0,0,0,1,0,0,0,0,0
BV/2017-Preiner-scholl-smt08/RNDPRE/RNDPRE_4_52.smt2,0,0,0,0,0,0,0,0,0,1,0,0,0,0,0
BV/2017-Preiner-scholl-smt08/RNDPRE/RNDPRE_3_39.smt2,0,0,0,0,0,0,0,0,0,1,0,0,0,0,0
BV/2017-Preiner-scholl-smt08/RNDPRE/RNDPRE_3_37.smt2,0,0,0,0,0,0,0,0,0,1,0,0,0,0,0
BV/2017-Preiner-scholl-smt08/RNDPRE/RNDPRE_4_38.smt2,0,0,0,0,0,0,0,0,0,1,0,0,0,0,0
BV/2017-Preiner-scholl-smt08/RNDPRE/RNDPRE_4_41.smt2,0,0,0,0,0,0,0,0,0,1,0,0,0,0,0
BV/2017-Preiner-scholl-smt08/RNDPRE/RNDPRE_4_12.smt2,0,0,0,0,0,0,0,0,0,1,0,0,0,0,0
BV/2017-Preiner-scholl-smt08/RNDPRE/RNDPRE_3_50.smt2,0,0,0,0,0,0,0,0,0,1,0,0,0,0,0
BV/2017-Preiner-scholl-smt08/RNDPRE/RNDPRE_3_55.smt2,0,0,0,0,0,0,0,0,0,1,0,0,0,0,0
BV/2017-Preiner-scholl-smt08/RNDPRE/RNDPRE_3_48.smt2,0,0,0,0,0,0,0,0,0,1,0,0,0,0,0
BV/2017-Preiner-scholl-smt08/RNDPRE/RNDPRE_3_16.smt2,0,0,0,0,0,0,0,0,0,1,0,0,0,0,0
BV/2017-Preiner-scholl-smt08/RNDPRE/RNDPRE_3_51.smt2,0,0,0,0,0,0,0,0,0,1,0,0,0,0,0
BV/2017-Preiner-scholl-smt08/RNDPRE/RNDPRE_4_40.smt2,0,0,0,0,0,0,0,0,0,1,0,0,0,0,0
BV/2017-Preiner-scholl-smt08/RNDPRE/RNDPRE_4_32.smt2,0,0,0,0,0,0,0,0,0,1,0,0,0,0,0
BV/2017-Preiner-scholl-smt08/RNDPRE/RNDPRE_4_50.smt2,0,0,0,0,0,0,0,0,0,1,0,0,0,0,0
BV/2017-Preiner-scholl-smt08/RNDPRE/RNDPRE_3_21.smt2,0,0,0,0,0,0,0,0,0,1,0,0,0,0,0
BV/2017-Preiner-scholl-smt08/RNDPRE/RNDPRE_4_9.smt2,0,0,0,0,0,0,0,0,0,1,0,0,0,0,0
BV/2017-Preiner-scholl-smt08/RNDPRE/RNDPRE_4_30.smt2,0,0,0,0,0,0,0,0,0,1,0,0,0,0,0
BV/2017-Preiner-scholl-smt08/RNDPRE/RNDPRE_3_30.smt2,0,0,0,0,0,0,0,0,0,1,0,0,0,0,0
BV/2017-Preiner-scholl-smt08/RNDPRE/RNDPRE_4_4.smt2,0,0,0,0,0,0,0,0,0,1,0,0,0,0,0
BV/2017-Preiner-scholl-smt08/RNDPRE/RNDPRE_4_33.smt2,0,0,0,0,0,0,0,0,0,1,0,0,0,0,0
BV/2017-Preiner-scholl-smt08/RNDPRE/RNDPRE_4_2.smt2,0,0,0,0,0,0,0,0,0,1,0,0,0,0,0
BV/2017-Preiner-scholl-smt08/RNDPRE/RNDPRE_4_59.smt2,0,0,0,0,0,0,0,0,0,1,0,0,0,0,0
BV/2017-Preiner-scholl-smt08/RNDPRE/RNDPRE_4_58.smt2,0,0,0,0,0,0,0,0,0,1,0,0,0,0,0
BV/2017-Preiner-scholl-smt08/RNDPRE/RNDPRE_3_35.smt2,0,0,0,0,0,0,0,0,0,1,0,0,0,0,0
BV/2017-Preiner-scholl-smt08/RNDPRE/RNDPRE_4_49.smt2,0,0,0,0,0,0,0,0,0,1,0,0,0,0,0
BV/2017-Preiner-scholl-smt08/RNDPRE/RNDPRE_3_34.smt2,0,0,0,0,0,0,0,0,0,1,0,0,0,0,0
BV/2017-Preiner-scholl-smt08/RNDPRE/RNDPRE_3_17.smt2,0,0,0,0,0,0,0,0,0,1,0,0,0,0,0
BV/2017-Preiner-scholl-smt08/model/model_5_42.smt2,0,0,0,0,0,0,0,0,0,1,0,0,0,0,0
BV/2017-Preiner-scholl-smt08/model/model_5_5.smt2,0,0,0,0,0,0,0,0,0,1,0,0,0,0,0
BV/2017-Preiner-scholl-smt08/model/model_6_17.smt2,0,0,0,0,0,0,0,0,0,1,0,0,0,0,0
BV/2017-Preiner-scholl-smt08/model/model_6_15.smt2,0,0,0,0,0,0,0,0,0,1,0,0,0,0,0
BV/2017-Preiner-scholl-smt08/model/model_6_12.smt2,0,0,0,0,0,0,0,0,0,1,0,0,0,0,0
BV/2017-Preiner-scholl-smt08/model/model_6_67.smt2,0,0,0,0,0,0,0,0,0,1,0,0,0,0,0
BV/2017-Preiner-scholl-smt08/model/model_5_9.smt2,0,0,0,0,0,0,0,0,0,1,0,0,0,0,0
BV/2017-Preiner-scholl-smt08/model/model_5_39.smt2,0,0,0,0,0,0,0,0,0,1,0,0,0,0,0
BV/2017-Preiner-scholl-smt08/model/model_6_56.smt2,0,0,0,0,0,0,0,0,0,1,0,0,0,0,0
BV/2017-Preiner-scholl-smt08/model/model_5_11.smt2,0,0,0,0,0,0,0,0,0,1,0,0,0,0,0
BV/2017-Preiner-scholl-smt08/model/model_6_47.smt2,0,0,0,0,0,0,0,0,0,1,0,0,0,0,0
BV/2017-Preiner-scholl-smt08/model/model_6_52.smt2,0,0,0,0,0,0,0,0,0,1,0,0,0,0,0
BV/2017-Preiner-scholl-smt08/model/model_6_26.smt2,0,0,0,0,0,0,0,0,0,1,0,0,0,0,0
BV/2017-Preiner-scholl-smt08/model/model_6_31.smt2,0,0,0,0,0,0,0,0,0,1,0,0,0,0,0
BV/2017-Preiner-scholl-smt08/model/model_5_22.smt2,0,0,0,0,0,0,0,0,0,1,0,0,0,0,0
BV/2017-Preiner-scholl-smt08/model/model_5_36.smt2,0,0,0,0,0,0,0,0,0,1,0,0,0,0,0
BV/2017-Preiner-scholl-smt08/model/model_5_7.smt2,0,0,0,0,0,0,0,0,0,1,0,0,0,0,0
BV/2017-Preiner-scholl-smt08/model/model_5_37.smt2,0,0,0,0,0,0,0,0,0,1,0,0,0,0,0
BV/2017-Preiner-scholl-smt08/model/model_6_11.smt2,0,0,0,0,0,0,0,0,0,1,0,0,0,0,0
BV/2017-Preiner-scholl-smt08/model/model_6_76.smt2,0,0,0,0,0,0,0,0,0,1,0,0,0,0,0
BV/2017-Preiner-scholl-smt08/model/model_6_21.smt2,0,0,0,0,0,0,0,0,0,1,0,0,0,0,0
BV/2017-Preiner-scholl-smt08/model/model_6_40.smt2,0,0,0,0,0,0,0,0,0,1,0,0,0,0,0
BV/2017-Preiner-scholl-smt08/model/model_5_25.smt2,0,0,0,0,0,0,0,0,0,1,0,0,0,0,0
BV/2017-Preiner-scholl-smt08/model/model_5_63.smt2,0,0,0,0,0,0,0,0,0,1,0,0,0,0,0
BV/2017-Preiner-scholl-smt08/model/model_6_27.smt2,0,0,0,0,0,0,0,0,0,1,0,0,0,0,0
BV/2017-Preiner-scholl-smt08/model/model_5_3.smt2,0,0,0,0,0,0,0,0,0,1,0,0,0,0,0
BV/2017-Preiner-scholl-smt08/model/model_6_58.smt2,0,0,0,0,0,0,0,0,0,1,0,0,0,0,0
BV/2017-Preiner-scholl-smt08/model/model_5_8.smt2,0,0,0,0,0,0,0,0,0,1,0,0,0,0,0
BV/2017-Preiner-scholl-smt08/model/model_6_4.smt2,0,0,0,0,0,0,0,0,0,1,0,0,0,0,0
BV/2017-Preiner-scholl-smt08/model/model_6_55.smt2,0,0,0,0,0,0,0,0,0,1,0,0,0,0,0
BV/2017-Preiner-scholl-smt08/model/model_5_64.smt2,0,0,0,0,0,0,0,0,0,1,0,0,0,0,0
BV/2017-Preiner-scholl-smt08/model/model_6_2.smt2,0,0,0,0,0,0,0,0,0,1,0,0,0,0,0
BV/2017-Preiner-scholl-smt08/model/model_5_35.smt2,0,0,0,0,0,0,0,0,0,1,0,0,0,0,0
BV/2017-Preiner-scholl-smt08/model/model_5_59.smt2,0,0,0,0,0,0,0,0,0,1,0,0,0,0,0
BV/2017-Preiner-scholl-smt08/model/model_6_38.smt2,0,0,0,0,0,0,0,0,0,1,0,0,0,0,0
BV/2017-Preiner-scholl-smt08/model/model_6_69.smt2,0,0,0,0,0,0,0,0,0,1,0,0,0,0,0
BV/2017-Preiner-scholl-smt08/model/model_5_38.smt2,0,0,0,0,0,0,0,0,0,1,0,0,0,0,0
BV/2017-Preiner-scholl-smt08/model/model_5_10.smt2,0,0,0,0,0,0,0,0,0,1,0,0,0,0,0
BV/2017-Preiner-scholl-smt08/model/model_5_17.smt2,0,0,0,0,0,0,0,0,0,1,0,0,0,0,0
BV/2017-Preiner-scholl-smt08/model/model_6_3.smt2,0,0,0,0,0,0,0,0,0,1,0,0,0,0,0
BV/2017-Preiner-scholl-smt08/model/model_5_50.smt2,0,0,0,0,0,0,0,0,0,1,0,0,0,0,0
BV/2017-Preiner-scholl-smt08/model/model_6_33.smt2,0,0,0,0,0,0,0,0,0,1,0,0,0,0,0
BV/2017-Preiner-scholl-smt08/model/model_5_49.smt2,0,0,0,0,0,0,0,0,0,1,0,0,0,0,0
BV/2017-Preiner-scholl-smt08/model/model_5_14.smt2,0,0,0,0,0,0,0,0,0,1,0,0,0,0,0
BV/2017-Preiner-scholl-smt08/model/model_5_1.smt2,0,0,0,0,0,0,0,0,0,1,0,0,0,0,0
BV/2017-Preiner-scholl-smt08/model/model_6_22.smt2,0,0,0,0,0,0,0,0,0,1,0,0,0,0,0
BV/2017-Preiner-scholl-smt08/model/model_5_34.smt2,0,0,0,0,0,0,0,0,0,1,0,0,0,0,0
BV/2017-Preiner-scholl-smt08/model/model_6_5.smt2,0,0,0,0,0,0,0,0,0,1,0,0,0,0,0
BV/2017-Preiner-scholl-smt08/model/model_6_51.smt2,0,0,0,0,0,0,0,0,0,1,0,0,0,0,0
BV/2017-Preiner-scholl-smt08/model/model_6_8.smt2,0,0,0,0,0,0,0,0,0,1,0,0,0,0,0
BV/2017-Preiner-scholl-smt08/model/model_5_62.smt2,0,0,0,0,0,0,0,0,0,1,0,0,0,0,0
BV/2017-Preiner-scholl-smt08/model/model_6_53.smt2,0,0,0,0,0,0,0,0,0,1,0,0,0,0,0
BV/2017-Preiner-scholl-smt08/model/model_5_33.smt2,0,0,0,0,0,0,0,0,0,1,0,0,0,0,0
BV/2017-Preiner-scholl-smt08/model/model_6_24.smt2,0,0,0,0,0,0,0,0,0,1,0,0,0,0,0
BV/2017-Preiner-scholl-smt08/model/model_6_44.smt2,0,0,0,0,0,0,0,0,0,1,0,0,0,0,0
BV/2017-Preiner-scholl-smt08/model/model_6_60.smt2,0,0,0,0,0,0,0,0,0,1,0,0,0,0,0
BV/2017-Preiner-scholl-smt08/model/model_6_9.smt2,0,0,0,0,0,0,0,0,0,1,0,0,0,0,0
BV/2017-Preiner-scholl-smt08/model/model_6_28.smt2,0,0,0,0,0,0,0,0,0,1,0,0,0,0,0
BV/20170501-Heizmann-UltimateAutomizer/jain_6_true-unreach-call_true-no-overflow.i_432.smt2,0,0,1,0,0,0,0,0,0,0,0,0,0,0,0
BV/20170501-Heizmann-UltimateAutomizer/jain_4_true-unreach-call_true-no-overflow.i_462.smt2,0,0,1,0,0,0,0,0,0,0,0,0,0,0,0
BV/20170501-Heizmann-UltimateAutomizer/jain_4_true-unreach-call_true-no-overflow.i_433.smt2,0,0,1,0,0,0,0,0,0,0,0,0,0,0,0
BV/20170501-Heizmann-UltimateAutomizer/jain_7_true-unreach-call_true-no-overflow.i_240.smt2,0,0,1,0,0,0,0,0,0,0,0,0,0,0,0
BV/20170501-Heizmann-UltimateAutomizer/jain_4_true-unreach-call_true-no-overflow.i_230.smt2,0,0,1,0,0,0,0,0,0,0,0,0,0,0,0
BV/20170501-Heizmann-UltimateAutomizer/verisec_sendmail__tTflag_arr_one_loop_false-unreach-call.i_2400.smt2,0,0,1,0,0,0,0,0,0,0,0,0,0,0,0
BV/20170501-Heizmann-UltimateAutomizer/jain_6_true-unreach-call_true-no-overflow.i_225.smt2,0,0,1,0,0,0,0,0,0,0,0,0,0,0,0
BV/20170501-Heizmann-UltimateAutomizer/jain_7_true-unreach-call_true-no-overflow.i_253.smt2,0,0,1,0,0,0,0,0,0,0,0,0,0,0,0
BV/20170501-Heizmann-UltimateAutomizer/jain_7_true-unreach-call_true-no-overflow.i_70.smt2,0,0,1,0,0,0,0,0,0,0,0,0,0,0,0
BV/20170501-Heizmann-UltimateAutomizer/jain_6_true-unreach-call_true-no-overflow.i_459.smt2,0,0,1,0,0,0,0,0,0,0,0,0,0,0,0
BV/20170501-Heizmann-UltimateAutomizer/jain_1_true-unreach-call_true-no-overflow.i_408.smt2,0,0,1,0,0,0,0,0,0,0,0,0,0,0,0
BV/20170501-Heizmann-UltimateAutomizer/jain_7_true-unreach-call_true-no-overflow.i_307.smt2,0,0,1,0,0,0,0,0,0,0,0,0,0,0,0
BV/20170501-Heizmann-UltimateAutomizer/jain_2_true-unreach-call_true-no-overflow.i_469.smt2,0,0,1,0,0,0,0,0,0,0,0,0,0,0,0
BV/20170501-Heizmann-UltimateAutomizer/gcd_3_true-unreach-call_true-no-overflow.i_1105.smt2,0,0,1,0,0,0,0,0,0,0,0,0,0,0,0
BV/20170501-Heizmann-UltimateAutomizer/sum02_true-unreach-call_true-no-overflow.i_415.smt2,0,0,1,0,0,0,0,0,0,0,0,0,0,0,0
BV/20170501-Heizmann-UltimateAutomizer/jain_7_true-unreach-call_true-no-overflow.i_476.smt2,0,0,1,0,0,0,0,0,0,0,0,0,0,0,0
BV/20170501-Heizmann-UltimateAutomizer/jain_2_true-unreach-call_true-no-overflow.i_341.smt2,0,0,1,0,0,0,0,0,0,0,0,0,0,0,0
BV/20170501-Heizmann-UltimateAutomizer/jain_2_true-unreach-call_true-no-overflow.i_228.smt2,0,0,1,0,0,0,0,0,0,0,0,0,0,0,0
BV/20170501-Heizmann-UltimateAutomizer/jain_7_true-unreach-call_true-no-overflow.i_475.smt2,0,0,1,0,0,0,0,0,0,0,0,0,0,0,0
BV/20170501-Heizmann-UltimateAutomizer/jain_6_true-unreach-call_true-no-overflow.i_387.smt2,0,0,1,0,0,0,0,0,0,0,0,0,0,0,0
BV/20170501-Heizmann-UltimateAutomizer/jain_2_true-unreach-call_true-no-overflow.i_436.smt2,0,0,1,0,0,0,0,0,0,0,0,0,0,0,0
BV/20170501-Heizmann-UltimateAutomizer/jain_2_true-unreach-call_true-no-overflow.i_464.smt2,0,0,1,0,0,0,0,0,0,0,0,0,0,0,0
BV/20170501-Heizmann-UltimateAutomizer/jain_1_true-unreach-call_true-no-overflow.i_407.smt2,0,0,1,0,0,0,0,0,0,0,0,0,0,0,0
BV/20170501-Heizmann-UltimateAutomizer/jain_1_true-unreach-call_true-no-overflow.i_409.smt2,0,0,1,0,0,0,0,0,0,0,0,0,0,0,0
BV/20170501-Heizmann-UltimateAutomizer/jain_6_true-unreach-call_true-no-overflow.i_200.smt2,0,0,1,0,0,0,0,0,0,0,0,0,0,0,0
BV/20170501-Heizmann-UltimateAutomizer/jain_2_true-unreach-call_true-no-overflow.i_435.smt2,0,0,1,0,0,0,0,0,0,0,0,0,0,0,0
BV/20170501-Heizmann-UltimateAutomizer/jain_4_true-unreach-call_true-no-overflow.i_200.smt2,0,0,1,0,0,0,0,0,0,0,0,0,0,0,0
BV/20170501-Heizmann-UltimateAutomizer/jain_4_true-unreach-call_true-no-overflow.i_266.smt2,0,0,1,0,0,0,0,0,0,0,0,0,0,0,0
BV/20170501-Heizmann-UltimateAutomizer/jain_4_true-unreach-call_true-no-overflow.i_435.smt2,0,0,1,0,0,0,0,0,0,0,0,0,0,0,0
BV/20170501-Heizmann-UltimateAutomizer/MultCommutative_true-unreach-call_true-no-overflow_true-termination.c_3235.smt2,0,0,1,0,0,0,0,0,0,0,0,0,0,0,0
BV/20170501-Heizmann-UltimateAutomizer/jain_2_true-unreach-call_true-no-overflow.i_433.smt2,0,0,1,0,0,0,0,0,0,0,0,0,0,0,0
BV/20170501-Heizmann-UltimateAutomizer/jain_1_true-unreach-call_true-no-overflow.i_214.smt2,0,0,1,0,0,0,0,0,0,0,0,0,0,0,0
BV/20170501-Heizmann-UltimateAutomizer/jain_4_true-unreach-call_true-no-overflow.i_342.smt2,0,0,1,0,0,0,0,0,0,0,0,0,0,0,0
BV/20170501-Heizmann-UltimateAutomizer/jain_2_true-unreach-call_true-no-overflow.i_223.smt2,0,0,1,0,0,0,0,0,0,0,0,0,0,0,0
BV/20170501-Heizmann-UltimateAutomizer/MultCommutative_true-unreach-call_true-no-overflow_true-termination.c_2674.smt2,0,0,1,0,0,0,0,0,0,0,0,0,0,0,0
BV/20170501-Heizmann-UltimateAutomizer/jain_6_true-unreach-call_true-no-overflow.i_433.smt2,0,0,1,0,0,0,0,0,0,0,0,0,0,0,0
BV/20170501-Heizmann-UltimateAutomizer/sum02_false-unreach-call_true-no-overflow.c_415.smt2,0,0,1,0,0,0,0,0,0,0,0,0,0,0,0
BV/20170501-Heizmann-UltimateAutomizer/jain_7_true-unreach-call_true-no-overflow.i_61.smt2,0,0,1,0,0,0,0,0,0,0,0,0,0,0,0
BV/20170501-Heizmann-UltimateAutomizer/jain_6_true-unreach-call_true-no-overflow.i_431.smt2,0,0,1,0,0,0,0,0,0,0,0,0,0,0,0
BV/20170501-Heizmann-UltimateAutomizer/jain_4_true-unreach-call_true-no-overflow.i_461.smt2,0,0,1,0,0,0,0,0,0,0,0,0,0,0,0
BV/20170501-Heizmann-UltimateAutomizer/jain_6_true-unreach-call_true-no-overflow.i_340.smt2,0,0,1,0,0,0,0,0,0,0,0,0,0,0,0
BV/20170501-Heizmann-UltimateAutomizer/jain_4_true-unreach-call_true-no-overflow.i_198.smt2,0,0,1,0,0,0,0,0,0,0,0,0,0,0,0
BV/20170501-Heizmann-UltimateAutomizer/jain_2_true-unreach-call_true-no-overflow.i_342.smt2,0,0,1,0,0,0,0,0,0,0,0,0,0,0,0
BV/20170501-Heizmann-UltimateAutomizer/jain_7_true-unreach-call_true-no-overflow.i_383.smt2,0,0,1,0,0,0,0,0,0,0,0,0,0,0,0
BV/20170501-Heizmann-UltimateAutomizer/jain_7_true-unreach-call_true-no-overflow.i_250.smt2,0,0,1,0,0,0,0,0,0,0,0,0,0,0,0
BV/20170501-Heizmann-UltimateAutomizer/sum02_false-unreach-call_true-no-overflow.i_336.smt2,0,0,1,0,0,0,0,0,0,0,0,0,0,0,0
BV/20170501-Heizmann-UltimateAutomizer/jain_6_true-unreach-call_true-no-overflow.i_434.smt2,0,0,1,0,0,0,0,0,0,0,0,0,0,0,0
BV/20170501-Heizmann-UltimateAutomizer/jain_6_true-unreach-call_true-no-overflow.i_58.smt2,0,0,1,0,0,0,0,0,0,0,0,0,0,0,0
BV/20170501-Heizmann-UltimateAutomizer/jain_4_true-unreach-call_true-no-overflow.i_225.smt2,0,0,1,0,0,0,0,0,0,0,0,0,0,0,0
BV/20170501-Heizmann-UltimateAutomizer/verisec_sendmail__tTflag_arr_one_loop_false-unreach-call.i_1353.smt2,0,0,1,0,0,0,0,0,0,0,0,0,0,0,0
BV/20170501-Heizmann-UltimateAutomizer/jain_2_true-unreach-call_true-no-overflow.i_461.smt2,0,0,1,0,0,0,0,0,0,0,0,0,0,0,0
BV/20170501-Heizmann-UltimateAutomizer/jain_7_true-unreach-call_true-no-overflow.i_382.smt2,0,0,1,0,0,0,0,0,0,0,0,0,0,0,0
BV/20170501-Heizmann-UltimateAutomizer/MultCommutative_true-unreach-call_true-no-overflow_true-termination.c_3226.smt2,0,0,1,0,0,0,0,0,0,0,0,0,0,0,0
BV/20170501-Heizmann-UltimateAutomizer/gcd_2_true-unreach-call_true-no-overflow.i_921.smt2,0,0,1,0,0,0,0,0,0,0,0,0,0,0,0
BV/20170501-Heizmann-UltimateAutomizer/jain_2_true-unreach-call_true-no-overflow.i_434.smt2,0,0,1,0,0,0,0,0,0,0,0,0,0,0,0
BV/20170501-Heizmann-UltimateAutomizer/jain_7_true-unreach-call_true-no-overflow.i_259.smt2,0,0,1,0,0,0,0,0,0,0,0,0,0,0,0
BV/20170501-Heizmann-UltimateAutomizer/jain_2_true-unreach-call_true-no-overflow.i_230.smt2,0,0,1,0,0,0,0,0,0,0,0,0,0,0,0
BV/20170501-Heizmann-UltimateAutomizer/jain_4_true-unreach-call_true-no-overflow.i_436.smt2,0,0,1,0,0,0,0,0,0,0,0,0,0,0,0
BV/20170501-Heizmann-UltimateAutomizer/jain_6_true-unreach-call_true-no-overflow.i_460.smt2,0,0,1,0,0,0,0,0,0,0,0,0,0,0,0
BV/20170501-Heizmann-UltimateAutomizer/jain_1_true-unreach-call_true-no-overflow.i_435.smt2,0,0,1,0,0,0,0,0,0,0,0,0,0,0,0
BV/20170501-Heizmann-UltimateAutomizer/jain_7_true-unreach-call_true-no-overflow.i_431.smt2,0,0,1,0,0,0,0,0,0,0,0,0,0,0,0
BV/20170501-Heizmann-UltimateAutomizer/jain_7_true-unreach-call_true-no-overflow.i_306.smt2,0,0,1,0,0,0,0,0,0,0,0,0,0,0,0
BV/2018-Preiner-cav18/check_bvsge_bvurem1_32bit.smt2,0,0,0,0,0,1,0,0,0,0,0,0,0,0,0
BV/2018-Preiner-cav18/check_bvuge_bvconcat0_2_64bit.smt2,0,0,0,0,0,1,0,0,0,0,0,0,0,0,0
BV/2018-Preiner-cav18/check_eq_bvmul_64bit.smt2,0,0,0,0,0,1,0,0,0,0,0,0,0,0,0
BV/2018-Preiner-cav18/check_bvuge_bvlshr1_64bit.smt2,0,0,0,0,0,1,0,0,0,0,0,0,0,0,0
BV/2018-Preiner-cav18/check_bvslt_bvadd_64bit.smt2,0,0,0,0,0,1,0,0,0,0,0,0,0,0,0
BV/2018-Preiner-cav18/check_bvult_bvadd_32bit.smt2,0,0,0,0,0,1,0,0,0,0,0,0,0,0,0
BV/2018-Preiner-cav18/check_bvsgt_bvmul_32bit.smt2,0,0,0,0,0,1,0,0,0,0,0,0,0,0,0
BV/2018-Preiner-cav18/check_eq_bvshl0_64bit.smt2,0,0,0,0,0,1,0,0,0,0,0,0,0,0,0
BV/2018-Preiner-cav18/check_ne_bvurem1_32bit.smt2,0,0,0,0,0,1,0,0,0,0,0,0,0,0,0
BV/2018-Preiner-cav18/check_ne_bvurem0_32bit.smt2,0,0,0,0,0,1,0,0,0,0,0,0,0,0,0
BV/2018-Preiner-cav18/check_bvsgt_bvand_64bit.smt2,0,0,0,0,0,1,0,0,0,0,0,0,0,0,0
BV/2018-Preiner-cav18/check_bvuge_bvshl1_32bit.smt2,0,0,0,0,0,1,0,0,0,0,0,0,0,0,0
BV/2018-Preiner-cav18/check_eq_bvneg_32bit.smt2,0,0,0,0,0,1,0,0,0,0,0,0,0,0,0
BV/2018-Preiner-cav18/check_bvult_bvudiv0_64bit.smt2,0,0,0,0,0,1,0,0,0,0,0,0,0,0,0
BV/2018-Preiner-cav18/check_bvugt_bvmul_32bit.smt2,0,0,0,0,0,1,0,0,0,0,0,0,0,0,0
BV/2018-Preiner-cav18/check_bvsle_bvurem1_32bit.smt2,0,0,0,0,0,1,0,0,0,0,0,0,0,0,0
BV/2018-Preiner-cav18/check_eq_bvudiv1_64bit.smt2,0,0,0,0,0,1,0,0,0,0,0,0,0,0,0
BV/2018-Preiner-cav18/check_bvuge_bvurem0_32bit.smt2,0,0,0,0,0,1,0,0,0,0,0,0,0,0,0
BV/2018-Preiner-cav18/check_bvsge_bvurem0_32bit.smt2,0,0,0,0,0,1,0,0,0,0,0,0,0,0,0
BV/2018-Preiner-cav18/check_ne_bvudiv0_32bit.smt2,0,0,0,0,0,1,0,0,0,0,0,0,0,0,0
BV/2018-Preiner-cav18/check_bvsle_bvlshr0_64bit.smt2,0,0,0,0,0,1,0,0,0,0,0,0,0,0,0
BV/2018-Preiner-cav18/check_bvsgt_bvmul_64bit.smt2,0,0,0,0,0,1,0,0,0,0,0,0,0,0,0
BV/2018-Preiner-cav18/check_bvugt_bvurem1_32bit.smt2,0,0,0,0,0,1,0,0,0,0,0,0,0,0,0
BV/2018-Preiner-cav18/check_bvslt_bvurem0_64bit.smt2,0,0,0,0,0,1,0,0,0,0,0,0,0,0,0
BV/2018-Preiner-cav18/check_bvugt_bvmul_64bit.smt2,0,0,0,0,0,1,0,0,0,0,0,0,0,0,0
BV/2018-Preiner-cav18/check_bvsge_bvudiv1_64bit.smt2,0,0,0,0,0,1,0,0,0,0,0,0,0,0,0
BV/2018-Preiner-cav18/check_bvuge_bvconcat0_64_64bit.smt2,0,0,0,0,0,1,0,0,0,0,0,0,0,0,0
BV/2018-Preiner-cav18/check_bvsge_bvmul_64bit.smt2,0,0,0,0,0,1,0,0,0,0,0,0,0,0,0
BV/2018-Preiner-cav18/check_bvugt_bvconcat1_64_64bit.smt2,0,0,0,0,0,1,0,0,0,0,0,0,0,0,0
BV/2018-Preiner-cav18/check_bvslt_bvlshr0_64bit.smt2,0,0,0,0,0,1,0,0,0,0,0,0,0,0,0
BV/2018-Preiner-cav18/check_bvugt_bvashr1_64bit.smt2,0,0,0,0,0,1,0,0,0,0,0,0,0,0,0
BV/2018-Preiner-cav18/check_bvslt_bvshl1_64bit.smt2,0,0,0,0,0,1,0,0,0,0,0,0,0,0,0
BV/2018-Preiner-cav18/check_bvugt_bvudiv0_32bit.smt2,0,0,0,0,0,1,0,0,0,0,0,0,0,0,0
BV/2018-Preiner-cav18/check_bvult_bvadd_64bit.smt2,0,0,0,0,0,1,0,0,0,0,0,0,0,0,0
BV/2018-Preiner-cav18/check_bvsle_bvashr0_32bit.smt2,0,0,0,0,0,1,0,0,0,0,0,0,0,0,0
BV/2018-Preiner-cav18/check_bvsgt_bvlshr0_4bit.smt2,0,0,0,0,0,1,0,0,0,0,0,0,0,0,0
BV/2018-Preiner-cav18/check_bvslt_bvurem0_32bit.smt2,0,0,0,0,0,1,0,0,0,0,0,0,0,0,0
BV/2018-Preiner-cav18/check_bvsgt_bvconcat1_34_32bit.smt2,0,0,0,0,0,1,0,0,0,0,0,0,0,0,0
BV/2018-Preiner-cav18/check_ne_bvudiv1_64bit.smt2,0,0,0,0,0,1,0,0,0,0,0,0,0,0,0
BV/2018-Preiner-cav18/check_bvslt_bvshl1_32bit.smt2,0,0,0,0,0,1,0,0,0,0,0,0,0,0,0
BV/2018-Preiner-cav18/check_bvsge_bvudiv0_32bit.smt2,0,0,0,0,0,1,0,0,0,0,0,0,0,0,0
BV/2018-Preiner-cav18/check_eq_bvlshr0_64bit.smt2,0,0,0,0,0,1,0,0,0,0,0,0,0,0,0
BV/2018-Preiner-cav18/check_bvsle_bvmul_32bit.smt2,0,0,0,0,0,1,0,0,0,0,0,0,0,0,0
BV/2018-Preiner-cav18/check_eq_bvadd_32bit.smt2,0,0,0,0,0,1,0,0,0,0,0,0,0,0,0
BV/2018-Preiner-cav18/check_bvslt_bvudiv0_32bit.smt2,0,0,0,0,0,1,0,0,0,0,0,0,0,0,0
BV/2018-Preiner-cav18/check_bvsle_bvshl1_64bit.smt2,0,0,0,0,0,1,0,0,0,0,0,0,0,0,0
BV/2018-Preiner-cav18/check_bvult_bvurem1_64bit.smt2,0,0,0,0,0,1,0,0,0,0,0,0,0,0,0
BV/2018-Preiner-cav18/check_bvugt_bvudiv1_64bit.smt2,0,0,0,0,0,1,0,0,0,0,0,0,0,0,0
BV/2018-Preiner-cav18/check_bvugt_bvashr0_4bit.smt2,0,0,0,0,0,1,0,0,0,0,0,0,0,0,0
BV/2018-Preiner-cav18/check_eq_bvneg_64bit.smt2,0,0,0,0,0,1,0,0,0,0,0,0,0,0,0
BV/2018-Preiner-cav18/check_bvugt_bvashr0_64bit.smt2,0,0,0,0,0,1,0,0,0,0,0,0,0,0,0
BV/2018-Preiner-cav18/check_bvugt_bvconcat0_64_64bit.smt2,0,0,0,0,0,1,0,0,0,0,0,0,0,0,0
BV/2018-Preiner-cav18/check_bvsle_bvudiv1_64bit.smt2,0,0,0,0,0,1,0,0,0,0,0,0,0,0,0
BV/2018-Preiner-cav18/check_eq_bvudiv0_64bit.smt2,0,0,0,0,0,1,0,0,0,0,0,0,0,0,0
BV/2018-Preiner-cav18/check_bvsge_bvudiv0_64bit.smt2,0,0,0,0,0,1,0,0,0,0,0,0,0,0,0
BV/2018-Preiner-cav18/check_bvsge_bvurem0_64bit.smt2,0,0,0,0,0,1,0,0,0,0,0,0,0,0,0
BV/2018-Preiner-cav18/check_bvult_bvashr1_64bit.smt2,0,0,0,0,0,1,0,0,0,0,0,0,0,0,0
BV/2018-Preiner-cav18/check_bvsgt_bvurem1_4bit.smt2,0,0,0,0,0,1,0,0,0,0,0,0,0,0,0
BV/2018-Preiner-cav18/check_bvugt_bvudiv1_32bit.smt2,0,0,0,0,0,1,0,0,0,0,0,0,0,0,0
BV/2018-Preiner-cav18/check_bvsle_bvlshr0_4bit.smt2,0,0,0,0,0,1,0,0,0,0,0,0,0,0,0
BV/2018-Preiner-cav18/check_bvsgt_bvlshr1_32bit.smt2,0,0,0,0,0,1,0,0,0,0,0,0,0,0,0
BV/2018-Preiner-cav18/check_bvsgt_bvshl0_64bit.smt2,0,0,0,0,0,1,0,0,0,0,0,0,0,0,0
BV/2018-Preiner-cav18/check_bvugt_bvshl1_64bit.smt2,0,0,0,0,0,1,0,0,0,0,0,0,0,0,0
BV/2018-Preiner-cav18/check_bvsge_bvashr0_4bit.smt2,0,0,0,0,0,1,0,0,0,0,0,0,0,0,0
BV/2018-Preiner-cav18/check_bvuge_bvconcat0_34_32bit.smt2,0,0,0,0,0,1,0,0,0,0,0,0,0,0,0
BV/2018-Preiner-cav18/check_bvslt_bvudiv1_64bit.smt2,0,0,0,0,0,1,0,0,0,0,0,0,0,0,0
BV/2018-Preiner-cav18/check_bvsle_bvashr1_32bit.smt2,0,0,0,0,0,1,0,0,0,0,0,0,0,0,0
BV/2018-Preiner-cav18/check_eq_bvurem1_64bit.smt2,0,0,0,0,0,1,0,0,0,0,0,0,0,0,0
BV/2018-Preiner-cav18/check_eq_bvshl0_32bit.smt2,0,0,0,0,0,1,0,0,0,0,0,0,0,0,0
BV/2018-Preiner-cav18/check_bvsgt_bvurem1_32bit.smt2,0,0,0,0,0,1,0,0,0,0,0,0,0,0,0
BV/2018-Preiner-cav18/check_bvsgt_bvlshr0_64bit.smt2,0,0,0,0,0,1,0,0,0,0,0,0,0,0,0
BV/2018-Preiner-cav18/check_ne_bvudiv0_64bit.smt2,0,0,0,0,0,1,0,0,0,0,0,0,0,0,0
BV/2018-Preiner-cav18/check_bvsgt_bvurem1_64bit.smt2,0,0,0,0,0,1,0,0,0,0,0,0,0,0,0
BV/2018-Preiner-cav18/check_bvule_bvashr1_64bit.smt2,0,0,0,0,0,1,0,0,0,0,0,0,0,0,0
BV/2018-Preiner-cav18/check_bvsgt_bvconcat1_64_64bit.smt2,0,0,0,0,0,1,0,0,0,0,0,0,0,0,0
BV/2018-Preiner-cav18/check_bvsle_bvlshr0_32bit.smt2,0,0,0,0,0,1,0,0,0,0,0,0,0,0,0
BV/2018-Preiner-cav18/check_bvsgt_bvlshr1_64bit.smt2,0,0,0,0,0,1,0,0,0,0,0,0,0,0,0
BV/2018-Preiner-cav18/check_bvsle_bvlshr1_32bit.smt2,0,0,0,0,0,1,0,0,0,0,0,0,0,0,0
BV/2018-Preiner-cav18/check_bvugt_bvlshr1_64bit.smt2,0,0,0,0,0,1,0,0,0,0,0,0,0,0,0
BV/2018-Preiner-cav18/check_bvsge_bvashr0_64bit.smt2,0,0,0,0,0,1,0,0,0,0,0,0,0,0,0
BV/2018-Preiner-cav18/check_bvuge_bvurem1_64bit.smt2,0,0,0,0,0,1,0,0,0,0,0,0,0,0,0
BV/2018-Preiner-cav18/check_bvsge_bvmul_32bit.smt2,0,0,0,0,0,1,0,0,0,0,0,0,0,0,0
BV/2018-Preiner-cav18/check_bvsle_bvlshr1_64bit.smt2,0,0,0,0,0,1,0,0,0,0,0,0,0,0,0
BV/2018-Preiner-cav18/check_bvslt_bvashr0_64bit.smt2,0,0,0,0,0,1,0,0,0,0,0,0,0,0,0
BV/2018-Preiner-cav18/check_eq_bvmul_32bit.smt2,0,0,0,0,0,1,0,0,0,0,0,0,0,0,0
BV/2018-Preiner-cav18/check_bvsle_bvashr1_64bit.smt2,0,0,0,0,0,1,0,0,0,0,0,0,0,0,0
BV/2018-Preiner-cav18/check_bvsgt_bvand_32bit.smt2,0,0,0,0,0,1,0,0,0,0,0,0,0,0,0
BV/2018-Preiner-cav18/check_bvugt_bvconcat0_2_64bit.smt2,0,0,0,0,0,1,0,0,0,0,0,0,0,0,0
BV/2018-Preiner-cav18/check_bvule_bvashr1_32bit.smt2,0,0,0,0,0,1,0,0,0,0,0,0,0,0,0
BV/2018-Preiner-cav18/check_ne_bvurem0_64bit.smt2,0,0,0,0,0,1,0,0,0,0,0,0,0,0,0
BV/2018-Preiner-cav18/check_bvsge_bvshl0_32bit.smt2,0,0,0,0,0,1,0,0,0,0,0,0,0,0,0
BV/2018-Preiner-cav18/check_bvuge_bvshl1_64bit.smt2,0,0,0,0,0,1,0,0,0,0,0,0,0,0,0
BV/2018-Preiner-cav18/check_bvsgt_bvconcat1_62_4bit.smt2,0,0,0,0,0,1,0,0,0,0,0,0,0,0,0
BV/2018-Preiner-cav18/check_bvslt_bvurem0_4bit.smt2,0,0,0,0,0,1,0,0,0,0,0,0,0,0,0
BV/2018-Preiner-cav18/check_bvsgt_bvurem0_32bit.smt2,0,0,0,0,0,1,0,0,0,0,0,0,0,0,0
BV/2018-Preiner-cav18/check_bvugt_bvudiv0_64bit.smt2,0,0,0,0,0,1,0,0,0,0,0,0,0,0,0
BV/2018-Preiner-cav18/check_bvslt_bvmul_32bit.smt2,0,0,0,0,0,1,0,0,0,0,0,0,0,0,0
BV/2018-Preiner-cav18/check_bvsle_bvmul_64bit.smt2,0,0,0,0,0,1,0,0,0,0,0,0,0,0,0
BV/2018-Preiner-cav18/check_bvslt_bvadd_32bit.smt2,0,0,0,0,0,1,0,0,0,0,0,0,0,0,0
BV/2018-Preiner-cav18/check_bvslt_bvurem1_64bit.smt2,0,0,0,0,0,1,0,0,0,0,0,0,0,0,0
BV/2018-Preiner-cav18/check_bvult_bvashr0_32bit.smt2,0,0,0,0,0,1,0,0,0,0,0,0,0,0,0
BV/2018-Preiner-cav18/check_bvugt_bvconcat0_62_4bit.smt2,0,0,0,0,0,1,0,0,0,0,0,0,0,0,0
BV/wintersteiger/fmsd13/fixpoint/AR-fixpoint-4.smt2,0,0,0,0,0,0,0,0,0,0,0,0,0,0,1
BV/wintersteiger/fmsd13/fixpoint/small-equiv-fixpoint-4.smt2,0,0,0,0,0,0,0,0,0,0,0,0,0,0,1
BV/wintersteiger/fmsd13/fixpoint/small-pipeline-fixpoint-6.smt2,0,0,0,0,0,0,0,0,0,0,0,0,0,0,1
BV/wintersteiger/fmsd13/fixpoint/AR-fixpoint-9.smt2,0,0,0,0,0,0,0,0,0,0,0,0,0,0,1
BV/wintersteiger/fmsd13/fixpoint/small-equiv-fixpoint-10.smt2,0,0,0,0,0,0,0,0,0,0,0,0,0,0,1
BV/wintersteiger/fmsd13/fixpoint/itc-b13-fixpoint-6.smt2,0,0,0,0,0,0,0,0,0,0,0,0,0,0,1
BV/wintersteiger/fmsd13/fixpoint/small-equiv-fixpoint-7.smt2,0,0,0,0,0,0,0,0,0,0,0,0,0,0,1
BV/wintersteiger/fmsd13/fixpoint/small-pipeline-fixpoint-8.smt2,0,0,0,0,0,0,0,0,0,0,0,0,0,0,1
BV/wintersteiger/fmsd13/fixpoint/itc-b13-fixpoint-8.smt2,0,0,0,0,0,0,0,0,0,0,0,0,0,0,1
BV/wintersteiger/fmsd13/fixpoint/ethernet-fixpoint-3.smt2,0,0,0,0,0,0,0,0,0,0,0,0,0,0,1
BV/wintersteiger/fmsd13/fixpoint/sdlx-fixpoint-10.smt2,0,0,0,0,0,0,0,0,0,0,0,0,0,0,1
BV/wintersteiger/fmsd13/fixpoint/cache-coherence-2-fixpoint-6.smt2,0,0,0,0,0,0,0,0,0,0,0,0,0,0,1
BV/wintersteiger/fmsd13/fixpoint/small-pipeline-fixpoint-9.smt2,0,0,0,0,0,0,0,0,0,0,0,0,0,0,1
BV/wintersteiger/fmsd13/fixpoint/sdlx-fixpoint-6.smt2,0,0,0,0,0,0,0,0,0,0,0,0,0,0,1
BV/wintersteiger/fmsd13/fixpoint/AR-fixpoint-10.smt2,0,0,0,0,0,0,0,0,0,0,0,0,0,0,1
BV/wintersteiger/fmsd13/fixpoint/small-pipeline-fixpoint-5.smt2,0,0,0,0,0,0,0,0,0,0,0,0,0,0,1
BV/wintersteiger/fmsd13/fixpoint/AR-fixpoint-7.smt2,0,0,0,0,0,0,0,0,0,0,0,0,0,0,1
BV/wintersteiger/fmsd13/fixpoint/small-equiv-fixpoint-9.smt2,0,0,0,0,0,0,0,0,0,0,0,0,0,0,1
BV/wintersteiger/fmsd13/fixpoint/itc-b13-fixpoint-7.smt2,0,0,0,0,0,0,0,0,0,0,0,0,0,0,1
BV/wintersteiger/fmsd13/fixpoint/small-equiv-fixpoint-6.smt2,0,0,0,0,0,0,0,0,0,0,0,0,0,0,1
BV/wintersteiger/fmsd13/fixpoint/usb-phy-fixpoint-4.smt2,0,0,0,0,0,0,0,0,0,0,0,0,0,0,1
BV/wintersteiger/fmsd13/fixpoint/cache-coherence-3-fixpoint-3.smt2,0,0,0,0,0,0,0,0,0,0,0,0,0,0,1
BV/wintersteiger/fmsd13/fixpoint/small-equiv-fixpoint-5.smt2,0,0,0,0,0,0,0,0,0,0,0,0,0,0,1
BV/wintersteiger/fmsd13/fixpoint/AR-fixpoint-8.smt2,0,0,0,0,0,0,0,0,0,0,0,0,0,0,1
BV/wintersteiger/fmsd13/fixpoint/AR-fixpoint-3.smt2,0,0,0,0,0,0,0,0,0,0,0,0,0,0,1
BV/wintersteiger/fmsd13/fixpoint/itc-b13-fixpoint-9.smt2,0,0,0,0,0,0,0,0,0,0,0,0,0,0,1
BV/wintersteiger/fmsd13/fixpoint/ethernet-fixpoint-4.smt2,0,0,0,0,0,0,0,0,0,0,0,0,0,0,1
BV/wintersteiger/fmsd13/ranking/kmdf_osrusbfx2_exe_testapp.c.smt2,0,0,0,0,0,0,0,0,0,0,0,0,0,0,1
BV/wintersteiger/fmsd13/ranking/mmedia_gsm610_gsm610.c.smt2,0,0,0,0,0,0,0,0,0,0,0,0,0,0,1
BV/wintersteiger/fmsd13/ranking/kernel_uagp35_gart.c.smt2,0,0,0,0,0,0,0,0,0,0,0,0,0,0,1
BV/wintersteiger/fmsd13/ranking/AVStream_hwsim.cpp.smt2,0,0,0,0,0,0,0,0,0,0,0,0,0,0,1
BV/wintersteiger/fmsd13/ranking/audio_sysfx_swap.cpp.smt2,0,0,0,0,0,0,0,0,0,0,0,0,0,0,1
BV/wintersteiger/fmsd13/ranking/audio_ddksynth_voice.cpp.smt2,0,0,0,0,0,0,0,0,0,0,0,0,0,0,1
BV/wintersteiger/fmsd13/ranking/kmdf_pcidrv_sys_hw_nic_init.c.smt2,0,0,0,0,0,0,0,0,0,0,0,0,0,0,1
BV/wintersteiger/fmsd13/ranking/network_usbnwifi_mp_util.c.smt2,0,0,0,0,0,0,0,0,0,0,0,0,0,0,1
BV/wintersteiger/fmsd13/ranking/input_pnpi8042_moudep.c.smt2,0,0,0,0,0,0,0,0,0,0,0,0,0,0,1
BV/wintersteiger/fmsd13/ranking/1394diag_isochapi.c.smt2,0,0,0,0,0,0,0,0,0,0,0,0,0,0,1
BV/wintersteiger/fmsd13/ranking/network_ndis_rtlnwifi_extsta_st_misc.c.smt2,0,0,0,0,0,0,0,0,0,0,0,0,0,0,1
BV/wintersteiger/fmsd13/ranking/audio_ddksynth_csynth2.cpp.smt2,0,0,0,0,0,0,0,0,0,0,0,0,0,0,1
BV/wintersteiger/fmsd13/ranking/kmdf_usbsamp_sys_queue.c.smt2,0,0,0,0,0,0,0,0,0,0,0,0,0,0,1
BV/wintersteiger/fmsd13/ranking/input_mouser_cseries.c.smt2,0,0,0,0,0,0,0,0,0,0,0,0,0,0,1
BV/wintersteiger/fmsd13/ranking/audio_ac97_wavepcistream2.cpp.smt2,0,0,0,0,0,0,0,0,0,0,0,0,0,0,1
BV/wintersteiger/fmsd13/ranking/network_ndis_rtlnwifi_extsta_st_aplst.c.smt2,0,0,0,0,0,0,0,0,0,0,0,0,0,0,1
BV/wintersteiger/fmsd13/ranking/input_mouser_detect.c.smt2,0,0,0,0,0,0,0,0,0,0,0,0,0,0,1
BV/wintersteiger/fmsd13/ranking/audio_ac97_common.cpp.smt2,0,0,0,0,0,0,0,0,0,0,0,0,0,0,1
BV/wintersteiger/fmsd13/ranking/filesys_cdfs_allocsup.c.smt2,0,0,0,0,0,0,0,0,0,0,0,0,0,0,1
BV/wintersteiger/fmsd13/ranking/AVStream_image.cpp.smt2,0,0,0,0,0,0,0,0,0,0,0,0,0,0,1
BV/wintersteiger/fmsd13/ranking/mmedia_gsm610_gsm6103.c.smt2,0,0,0,0,0,0,0,0,0,0,0,0,0,0,1
BV/wintersteiger/fmsd13/ranking/general_pcidrv_sys_hw_eeprom.c.smt2,0,0,0,0,0,0,0,0,0,0,0,0,0,0,1
BV/wintersteiger/fmsd13/ranking/filesys_filter_namelookup.c.smt2,0,0,0,0,0,0,0,0,0,0,0,0,0,0,1
BV/wintersteiger/fmsd13/ranking/network_ndis_e100bex_5x_kd_mp_dbg.c.smt2,0,0,0,0,0,0,0,0,0,0,0,0,0,0,1
BV/wintersteiger/fmsd13/ranking/hid_hclient_ecdisp.c.smt2,0,0,0,0,0,0,0,0,0,0,0,0,0,0,1
BV/wintersteiger/fmsd13/ranking/audio_fmsynth_miniport.cpp.smt2,0,0,0,0,0,0,0,0,0,0,0,0,0,0,1
BV/wintersteiger/fmsd13/ranking/filesys_fastfat_cachesup.c.smt2,0,0,0,0,0,0,0,0,0,0,0,0,0,0,1
BV/wintersteiger/fmsd13/ranking/network_ndis_rtlnwifi_hw_hw_ccmp.c.smt2,0,0,0,0,0,0,0,0,0,0,0,0,0,0,1
BV/wintersteiger/fmsd13/ranking/audio_gfxswap.xp_filter.cpp.smt2,0,0,0,0,0,0,0,0,0,0,0,0,0,0,1
BV/wintersteiger/fmsd13/ranking/1394diag_ioctl.c.smt2,0,0,0,0,0,0,0,0,0,0,0,0,0,0,1
BV/20190429-UltimateAutomizerSvcomp2019/jain_2_true-unreach-call_true-no-overflow_false-termination.i_11.smt2,0,0,0,0,0,0,0,0,0,0,0,1,0,0,0
BV/20190429-UltimateAutomizerSvcomp2019/soft_float_4_true-unreach-call_true-no-overflow_true-termination.c.cil.c_5.smt2,0,0,0,0,0,0,0,0,0,0,0,1,0,0,0
BV/20190429-UltimateAutomizerSvcomp2019/jain_7_true-unreach-call_true-no-overflow_false-termination.i_4.smt2,0,0,0,0,0,0,0,0,0,0,0,1,0,0,0
BV/20190429-UltimateAutomizerSvcomp2019/pals_lcr-var-start-time.6_true-unreach-call.ufo.UNBOUNDED.pals.c_1.smt2,0,0,0,0,0,0,0,0,0,0,0,1,0,0,0
BV/20190429-UltimateAutomizerSvcomp2019/jain_6_true-unreach-call_true-no-overflow_false-termination.i_16.smt2,0,0,0,0,0,0,0,0,0,0,0,1,0,0,0
BV/20190429-UltimateAutomizerSvcomp2019/jain_6_true-unreach-call_true-no-overflow_false-termination.i_6.smt2,0,0,0,0,0,0,0,0,0,0,0,1,0,0,0
BV/20190429-UltimateAutomizerSvcomp2019/jain_6_true-unreach-call_true-no-overflow_false-termination.i_4.smt2,0,0,0,0,0,0,0,0,0,0,0,1,0,0,0
BV/20190429-UltimateAutomizerSvcomp2019/soft_float_4_true-unreach-call_true-no-overflow_true-termination.c.cil.c_7.smt2,0,0,0,0,0,0,0,0,0,0,0,1,0,0,0
BV/20190429-UltimateAutomizerSvcomp2019/jain_2_true-unreach-call_true-no-overflow_false-termination.i_14.smt2,0,0,0,0,0,0,0,0,0,0,0,1,0,0,0
BV/20190429-UltimateAutomizerSvcomp2019/jain_7_true-unreach-call_true-no-overflow_false-termination.i_21.smt2,0,0,0,0,0,0,0,0,0,0,0,1,0,0,0
BV/20190429-UltimateAutomizerSvcomp2019/gcd_3_true-unreach-call_true-no-overflow.i_0.smt2,0,0,0,0,0,0,0,0,0,0,0,1,0,0,0
BV/20190429-UltimateAutomizerSvcomp2019/jain_7_true-unreach-call_true-no-overflow_false-termination.i_13.smt2,0,0,0,0,0,0,0,0,0,0,0,1,0,0,0
BV/20190429-UltimateAutomizerSvcomp2019/jain_2_true-unreach-call_true-no-overflow_false-termination.i_19.smt2,0,0,0,0,0,0,0,0,0,0,0,1,0,0,0
BV/20190429-UltimateAutomizerSvcomp2019/soft_float_4_true-unreach-call_true-no-overflow_true-termination.c.cil.c_3.smt2,0,0,0,0,0,0,0,0,0,0,0,1,0,0,0
BV/20190429-UltimateAutomizerSvcomp2019/jain_2_true-unreach-call_true-no-overflow_false-termination.i_9.smt2,0,0,0,0,0,0,0,0,0,0,0,1,0,0,0
BV/20190429-UltimateAutomizerSvcomp2019/jain_7_true-unreach-call_true-no-overflow_false-termination.i_15.smt2,0,0,0,0,0,0,0,0,0,0,0,1,0,0,0
BV/20190429-UltimateAutomizerSvcomp2019/jain_7_true-unreach-call_true-no-overflow_false-termination.i_6.smt2,0,0,0,0,0,0,0,0,0,0,0,1,0,0,0
BV/20190429-UltimateAutomizerSvcomp2019/jain_6_true-unreach-call_true-no-overflow_false-termination.i_1.smt2,0,0,0,0,0,0,0,0,0,0,0,1,0,0,0
BV/20190429-UltimateAutomizerSvcomp2019/jain_7_true-unreach-call_true-no-overflow_false-termination.i_18.smt2,0,0,0,0,0,0,0,0,0,0,0,1,0,0,0
BV/20190429-UltimateAutomizerSvcomp2019/jain_6_true-unreach-call_true-no-overflow_false-termination.i_8.smt2,0,0,0,0,0,0,0,0,0,0,0,1,0,0,0
BV/20190429-UltimateAutomizerSvcomp2019/jain_7_true-unreach-call_true-no-overflow_false-termination.i_19.smt2,0,0,0,0,0,0,0,0,0,0,0,1,0,0,0
BV/20190429-UltimateAutomizerSvcomp2019/soft_float_4_true-unreach-call_true-no-overflow_true-termination.c.cil.c_8.smt2,0,0,0,0,0,0,0,0,0,0,0,1,0,0,0
BV/20190429-UltimateAutomizerSvcomp2019/jain_7_true-unreach-call_true-no-overflow_false-termination.i_9.smt2,0,0,0,0,0,0,0,0,0,0,0,1,0,0,0
BV/20190429-UltimateAutomizerSvcomp2019/float_req_bl_0730b_true-unreach-call.c_31.smt2,0,0,0,0,0,0,0,0,0,0,0,1,0,0,0
BV/20190429-UltimateAutomizerSvcomp2019/jain_7_true-unreach-call_true-no-overflow_false-termination.i_8.smt2,0,0,0,0,0,0,0,0,0,0,0,1,0,0,0
BV/20190429-UltimateAutomizerSvcomp2019/jain_6_true-unreach-call_true-no-overflow_false-termination.i_5.smt2,0,0,0,0,0,0,0,0,0,0,0,1,0,0,0
BV/20190429-UltimateAutomizerSvcomp2019/soft_float_4_true-unreach-call_true-no-overflow_true-termination.c.cil.c_2.smt2,0,0,0,0,0,0,0,0,0,0,0,1,0,0,0
BV/20190429-UltimateAutomizerSvcomp2019/jain_6_true-unreach-call_true-no-overflow_false-termination.i_12.smt2,0,0,0,0,0,0,0,0,0,0,0,1,0,0,0
BV/20190429-UltimateAutomizerSvcomp2019/jain_7_true-unreach-call_true-no-overflow_false-termination.i_7.smt2,0,0,0,0,0,0,0,0,0,0,0,1,0,0,0
BV/20190429-UltimateAutomizerSvcomp2019/jain_2_true-unreach-call_true-no-overflow_false-termination.i_1.smt2,0,0,0,0,0,0,0,0,0,0,0,1,0,0,0
BV/20190429-UltimateAutomizerSvcomp2019/jain_2_true-unreach-call_true-no-overflow_false-termination.i_13.smt2,0,0,0,0,0,0,0,0,0,0,0,1,0,0,0
BV/20190429-UltimateAutomizerSvcomp2019/float_req_bl_0730b_true-unreach-call.c_28.smt2,0,0,0,0,0,0,0,0,0,0,0,1,0,0,0
BV/20190429-UltimateAutomizerSvcomp2019/soft_float_4_true-unreach-call_true-no-overflow_true-termination.c.cil.c_0.smt2,0,0,0,0,0,0,0,0,0,0,0,1,0,0,0
BV/20190429-UltimateAutomizerSvcomp2019/jain_7_true-unreach-call_true-no-overflow_false-termination.i_5.smt2,0,0,0,0,0,0,0,0,0,0,0,1,0,0,0
BV/20190429-UltimateAutomizerSvcomp2019/jain_6_true-unreach-call_true-no-overflow_false-termination.i_17.smt2,0,0,0,0,0,0,0,0,0,0,0,1,0,0,0
BV/20190429-UltimateAutomizerSvcomp2019/float_req_bl_0730b_true-unreach-call.c_36.smt2,0,0,0,0,0,0,0,0,0,0,0,1,0,0,0
BV/20190429-UltimateAutomizerSvcomp2019/sum02_false-unreach-call_true-no-overflow.c_5.smt2,0,0,0,0,0,0,0,0,0,0,0,1,0,0,0
BV/20190429-UltimateAutomizerSvcomp2019/jain_6_true-unreach-call_true-no-overflow_false-termination.i_10.smt2,0,0,0,0,0,0,0,0,0,0,0,1,0,0,0
BV/20190429-UltimateAutomizerSvcomp2019/float_req_bl_0730b_true-unreach-call.c_38.smt2,0,0,0,0,0,0,0,0,0,0,0,1,0,0,0
BV/20190429-UltimateAutomizerSvcomp2019/sum02_false-unreach-call_true-no-overflow.c_1.smt2,0,0,0,0,0,0,0,0,0,0,0,1,0,0,0
BV/20190429-UltimateAutomizerSvcomp2019/jain_2_true-unreach-call_true-no-overflow_false-termination.i_15.smt2,0,0,0,0,0,0,0,0,0,0,0,1,0,0,0
BV/20190429-UltimateAutomizerSvcomp2019/jain_2_true-unreach-call_true-no-overflow_false-termination.i_17.smt2,0,0,0,0,0,0,0,0,0,0,0,1,0,0,0
BV/20190429-UltimateAutomizerSvcomp2019/jain_6_true-unreach-call_true-no-overflow_false-termination.i_2.smt2,0,0,0,0,0,0,0,0,0,0,0,1,0,0,0
BV/20190429-UltimateAutomizerSvcomp2019/jain_7_true-unreach-call_true-no-overflow_false-termination.i_10.smt2,0,0,0,0,0,0,0,0,0,0,0,1,0,0,0
BV/20190429-UltimateAutomizerSvcomp2019/jain_6_true-unreach-call_true-no-overflow_false-termination.i_18.smt2,0,0,0,0,0,0,0,0,0,0,0,1,0,0,0
BV/20190429-UltimateAutomizerSvcomp2019/jain_2_true-unreach-call_true-no-overflow_false-termination.i_2.smt2,0,0,0,0,0,0,0,0,0,0,0,1,0,0,0
BV/20190429-UltimateAutomizerSvcomp2019/jain_2_true-unreach-call_true-no-overflow_false-termination.i_12.smt2,0,0,0,0,0,0,0,0,0,0,0,1,0,0,0
BV/2017-Preiner-psyco/073.smt2,0,0,0,0,0,0,0,0,1,0,0,0,0,0,0
BV/2017-Preiner-psyco/133.smt2,0,0,0,0,0,0,0,0,1,0,0,0,0,0,0
BV/2017-Preiner-psyco/026.smt2,0,0,0,0,0,0,0,0,1,0,0,0,0,0,0
BV/2017-Preiner-psyco/121.smt2,0,0,0,0,0,0,0,0,1,0,0,0,0,0,0
BV/2017-Preiner-psyco/099.smt2,0,0,0,0,0,0,0,0,1,0,0,0,0,0,0
BV/2017-Preiner-psyco/052.smt2,0,0,0,0,0,0,0,0,1,0,0,0,0,0,0
BV/2017-Preiner-psyco/075.smt2,0,0,0,0,0,0,0,0,1,0,0,0,0,0,0
BV/2017-Preiner-psyco/045.smt2,0,0,0,0,0,0,0,0,1,0,0,0,0,0,0
BV/2017-Preiner-psyco/086.smt2,0,0,0,0,0,0,0,0,1,0,0,0,0,0,0
BV/2017-Preiner-psyco/079.smt2,0,0,0,0,0,0,0,0,1,0,0,0,0,0,0
BV/2017-Preiner-psyco/115.smt2,0,0,0,0,0,0,0,0,1,0,0,0,0,0,0
BV/2017-Preiner-psyco/078.smt2,0,0,0,0,0,0,0,0,1,0,0,0,0,0,0
BV/2017-Preiner-psyco/060.smt2,0,0,0,0,0,0,0,0,1,0,0,0,0,0,0
BV/2017-Preiner-psyco/074.smt2,0,0,0,0,0,0,0,0,1,0,0,0,0,0,0
BV/2017-Preiner-psyco/056.smt2,0,0,0,0,0,0,0,0,1,0,0,0,0,0,0
BV/2017-Preiner-psyco/034.smt2,0,0,0,0,0,0,0,0,1,0,0,0,0,0,0
BV/2017-Preiner-psyco/172.smt2,0,0,0,0,0,0,0,0,1,0,0,0,0,0,0
BV/2017-Preiner-psyco/119.smt2,0,0,0,0,0,0,0,0,1,0,0,0,0,0,0
BV/2017-Preiner-psyco/185.smt2,0,0,0,0,0,0,0,0,1,0,0,0,0,0,0
BV/2017-Preiner-psyco/092.smt2,0,0,0,0,0,0,0,0,1,0,0,0,0,0,0
BV/2017-Preiner-psyco/081.smt2,0,0,0,0,0,0,0,0,1,0,0,0,0,0,0
BV/2017-Preiner-psyco/122.smt2,0,0,0,0,0,0,0,0,1,0,0,0,0,0,0
BV/2017-Preiner-psyco/027.smt2,0,0,0,0,0,0,0,0,1,0,0,0,0,0,0
BV/2017-Preiner-psyco/123.smt2,0,0,0,0,0,0,0,0,1,0,0,0,0,0,0
BV/2017-Preiner-psyco/094.smt2,0,0,0,0,0,0,0,0,1,0,0,0,0,0,0
BV/2017-Preiner-psyco/137.smt2,0,0,0,0,0,0,0,0,1,0,0,0,0,0,0
BV/2017-Preiner-psyco/160.smt2,0,0,0,0,0,0,0,0,1,0,0,0,0,0,0
BV/2017-Preiner-psyco/055.smt2,0,0,0,0,0,0,0,0,1,0,0,0,0,0,0
BV/2017-Preiner-psyco/167.smt2,0,0,0,0,0,0,0,0,1,0,0,0,0,0,0
BV/2017-Preiner-psyco/048.smt2,0,0,0,0,0,0,0,0,1,0,0,0,0,0,0
BV/2017-Preiner-psyco/015.smt2,0,0,0,0,0,0,0,0,1,0,0,0,0,0,0
BV/2017-Preiner-psyco/084.smt2,0,0,0,0,0,0,0,0,1,0,0,0,0,0,0
BV/2017-Preiner-psyco/046.smt2,0,0,0,0,0,0,0,0,1,0,0,0,0,0,0
BV/2017-Preiner-psyco/008.smt2,0,0,0,0,0,0,0,0,1,0,0,0,0,0,0
BV/2017-Preiner-psyco/050.smt2,0,0,0,0,0,0,0,0,1,0,0,0,0,0,0
BV/2017-Preiner-psyco/125.smt2,0,0,0,0,0,0,0,0,1,0,0,0,0,0,0
BV/2017-Preiner-psyco/035.smt2,0,0,0,0,0,0,0,0,1,0,0,0,0,0,0
BV/2017-Preiner-psyco/058.smt2,0,0,0,0,0,0,0,0,1,0,0,0,0,0,0
BV/2017-Preiner-psyco/148.smt2,0,0,0,0,0,0,0,0,1,0,0,0,0,0,0
BV/2017-Preiner-psyco/110.smt2,0,0,0,0,0,0,0,0,1,0,0,0,0,0,0
BV/2017-Preiner-psyco/064.smt2,0,0,0,0,0,0,0,0,1,0,0,0,0,0,0
BV/2017-Preiner-psyco/113.smt2,0,0,0,0,0,0,0,0,1,0,0,0,0,0,0
BV/2017-Preiner-psyco/070.smt2,0,0,0,0,0,0,0,0,1,0,0,0,0,0,0
BV/2017-Preiner-psyco/083.smt2,0,0,0,0,0,0,0,0,1,0,0,0,0,0,0
BV/2017-Preiner-psyco/041.smt2,0,0,0,0,0,0,0,0,1,0,0,0,0,0,0
BV/2017-Preiner-psyco/126.smt2,0,0,0,0,0,0,0,0,1,0,0,0,0,0,0
BV/2017-Preiner-psyco/101.smt2,0,0,0,0,0,0,0,0,1,0,0,0,0,0,0
BV/2017-Preiner-psyco/190.smt2,0,0,0,0,0,0,0,0,1,0,0,0,0,0,0
BV/2017-Preiner-psyco/182.smt2,0,0,0,0,0,0,0,0,1,0,0,0,0,0,0
BV/2017-Preiner-psyco/154.smt2,0,0,0,0,0,0,0,0,1,0,0,0,0,0,0
BV/2017-Preiner-psyco/040.smt2,0,0,0,0,0,0,0,0,1,0,0,0,0,0,0
BV/2017-Preiner-psyco/174.smt2,0,0,0,0,0,0,0,0,1,0,0,0,0,0,0
BV/2017-Preiner-psyco/076.smt2,0,0,0,0,0,0,0,0,1,0,0,0,0,0,0
BV/2017-Preiner-psyco/117.smt2,0,0,0,0,0,0,0,0,1,0,0,0,0,0,0
BV/2017-Preiner-psyco/077.smt2,0,0,0,0,0,0,0,0,1,0,0,0,0,0,0
BV/2017-Preiner-psyco/033.smt2,0,0,0,0,0,0,0,0,1,0,0,0,0,0,0
BV/2017-Preiner-psyco/095.smt2,0,0,0,0,0,0,0,0,1,0,0,0,0,0,0
BV/2017-Preiner-psyco/150.smt2,0,0,0,0,0,0,0,0,1,0,0,0,0,0,0
BV/2017-Preiner-psyco/006.smt2,0,0,0,0,0,0,0,0,1,0,0,0,0,0,0
BV/20210330-PEak/no-extern-loop_unsat_subset/medium.smt2,0,0,0,1,0,0,0,0,0,0,0,0,0,0,0
BV/20210330-PEak/no-extern-loop_unsat_subset/easy.smt2,0,0,0,1,0,0,0,0,0,0,0,0,0,0,0
BV/20210330-PEak/extern-loop_unsat_subset/easy.smt2,0,0,0,1,0,0,0,0,0,0,0,0,0,0,0
BV/20210330-PEak/no-extern-loop_sat_subset/easy1.smt2,0,0,0,1,0,0,0,0,0,0,0,0,0,0,0
BV/20210330-PEak/no-extern-loop_unsat_subset/hard.smt2,0,0,0,1,0,0,0,0,0,0,0,0,0,0,0
BV/20210330-PEak/extern-loop_sat_subset/medium2.smt2,0,0,0,1,0,0,0,0,0,0,0,0,0,0,0
BV/20210330-PEak/no-extern-loop_sat_subset/easy4.smt2,0,0,0,1,0,0,0,0,0,0,0,0,0,0,0
BV/llvm13-smtlib/08.smt2,0,0,0,0,0,0,0,0,0,0,0,0,0,1,0
BV/llvm13-smtlib/07.smt2,0,0,0,0,0,0,0,0,0,0,0,0,0,1,0
BV/llvm13-smtlib/03.smt2,0,0,0,0,0,0,0,0,0,0,0,0,0,1,0
BV/llvm13-smtlib/05.smt2,0,0,0,0,0,0,0,0,0,0,0,0,0,1,0
BV/llvm13-smtlib/01.smt2,0,0,0,0,0,0,0,0,0,0,0,0,0,1,0
BV/20210301-Alive2/oggenc/363_oggenc.smt2,1,0,0,0,0,0,0,0,0,0,0,0,0,0,0
BV/20210301-Alive2/oggenc/386_oggenc.smt2,1,0,0,0,0,0,0,0,0,0,0,0,0,0,0
BV/20210301-Alive2-partial-undef/sqlite3/773_sqlite3.smt2,0,1,0,0,0,0,0,0,0,0,0,0,0,0,0
BV/20210301-Alive2-partial-undef/ph7/626_ph7.smt2,0,1,0,0,0,0,0,0,0,0,0,0,0,0,0
BV/20210301-Alive2-partial-undef/ph7/659_ph7.smt2,0,1,0,0,0,0,0,0,0,0,0,0,0,0,0
BV/2017-Preiner-tptp/NUM917=1.smt2,0,0,0,0,0,0,0,0,0,0,1,0,0,0,0
BV/20210330-PEak/no-extern-loop_sat_subset/medium2.smt2,0,0,0,1,0,0,0,0,0,0,0,0,0,0,0
BV/20210330-PEak/extern-loop_unsat_subset/medium.smt2,0,0,0,1,0,0,0,0,0,0,0,0,0,0,0
BV/20210301-Alive2/oggenc/283_oggenc.smt2,1,0,0,0,0,0,0,0,0,0,0,0,0,0,0
BV/20210330-PEak/no-extern-loop_sat_subset/medium0.smt2,0,0,0,1,0,0,0,0,0,0,0,0,0,0,0
BV/20210330-PEak/extern-loop_sat_subset/hard0.smt2,0,0,0,1,0,0,0,0,0,0,0,0,0,0,0
BV/20210330-PEak/no-extern-loop_sat_subset/medium1.smt2,0,0,0,1,0,0,0,0,0,0,0,0,0,0,0
BV/2017-Preiner-keymaera/intersection-example-simple.proof-node677435.smt2,0,0,0,0,0,0,0,1,0,0,0,0,0,0,0
BV/2017-Preiner-keymaera/ETCS-essentials-node4106.smt2,0,0,0,0,0,0,0,1,0,0,0,0,0,0,0
BV/2017-Preiner-keymaera/intersection-example-onelane.proof-node24127.smt2,0,0,0,0,0,0,0,1,0,0,0,0,0,0,0
BV/20210330-PEak/extern-loop_sat_subset/hard1.smt2,0,0,0,1,0,0,0,0,0,0,0,0,0,0,0
BV/2017-Preiner-keymaera/intersection-example-simple.proof-node532347.smt2,0,0,0,0,0,0,0,1,0,0,0,0,0,0,0
BV/2017-Preiner-keymaera/intersection-example-simple.proof-node385461.smt2,0,0,0,0,0,0,0,1,0,0,0,0,0,0,0
BV/2017-Preiner-keymaera/intersection-example-simple.proof-node601999.smt2,0,0,0,0,0,0,0,1,0,0,0,0,0,0,0
BV/2017-Preiner-keymaera/intersection-example-simple.proof-node252045.smt2,0,0,0,0,0,0,0,1,0,0,0,0,0,0,0
BV/2017-Preiner-keymaera/intersection-example-simple.proof-node365475.smt2,0,0,0,0,0,0,0,1,0,0,0,0,0,0,0
BV/2017-Preiner-keymaera/intersection-example-onelane.proof-node21762.smt2,0,0,0,0,0,0,0,1,0,0,0,0,0,0,0
BV/2017-Preiner-keymaera/intersection-example-simple.proof-node391949.smt2,0,0,0,0,0,0,0,1,0,0,0,0,0,0,0
BV/2017-Preiner-keymaera/binary_driver-2007-10-09-node8745.smt2,0,0,0,0,0,0,0,1,0,0,0,0,0,0,0
BV/2017-Preiner-keymaera/intersection-example-simple.proof-node622752.smt2,0,0,0,0,0,0,0,1,0,0,0,0,0,0,0
BV/2017-Preiner-keymaera/bouncing-ball-simple-node5587.smt2,0,0,0,0,0,0,0,1,0,0,0,0,0,0,0
BV/2017-Preiner-keymaera/intersection-example-simple.proof-node672522.smt2,0,0,0,0,0,0,0,1,0,0,0,0,0,0,0
BV/2017-Preiner-keymaera/intersection-example-simple.proof-node550504.smt2,0,0,0,0,0,0,0,1,0,0,0,0,0,0,0
BV/2017-Preiner-keymaera/bouncing-ball-simple-node5981.smt2,0,0,0,0,0,0,0,1,0,0,0,0,0,0,0
BV/2017-Preiner-keymaera/intersection-example-simple.proof-node351731.smt2,0,0,0,0,0,0,0,1,0,0,0,0,0,0,0
BV/2017-Preiner-keymaera/intersection-example-onelane.proof-node44538.smt2,0,0,0,0,0,0,0,1,0,0,0,0,0,0,0
BV/2017-Preiner-keymaera/intersection-example-simple.proof-node172099.smt2,0,0,0,0,0,0,0,1,0,0,0,0,0,0,0
BV/2017-Preiner-keymaera/intersection-example-simple.proof-node488227.smt2,0,0,0,0,0,0,0,1,0,0,0,0,0,0,0
BV/2017-Preiner-keymaera/intersection-example-onelane.proof-node32497.smt2,0,0,0,0,0,0,0,1,0,0,0,0,0,0,0
BV/2017-Preiner-keymaera/intersection-example-simple.proof-node267466.smt2,0,0,0,0,0,0,0,1,0,0,0,0,0,0,0
BV/2017-Preiner-keymaera/intersection-example-simple.proof-node248047.smt2,0,0,0,0,0,0,0,1,0,0,0,0,0,0,0
BV/2017-Preiner-keymaera/intersection-example-onelane.proof-node38802.smt2,0,0,0,0,0,0,0,1,0,0,0,0,0,0,0
BV/2017-Preiner-keymaera/intersection-example-simple.proof-node253609.smt2,0,0,0,0,0,0,0,1,0,0,0,0,0,0,0
BV/2017-Preiner-keymaera/intersection-example-onelane.proof-node6814.smt2,0,0,0,0,0,0,0,1,0,0,0,0,0,0,0
BV/2017-Preiner-keymaera/intersection-example-simple.proof-node99986.smt2,0,0,0,0,0,0,0,1,0,0,0,0,0,0,0
BV/2017-Preiner-keymaera/intersection-example-simple.proof-node271799.smt2,0,0,0,0,0,0,0,1,0,0,0,0,0,0,0
BV/2017-Preiner-keymaera/intersection-example-simple.proof-node618750.smt2,0,0,0,0,0,0,0,1,0,0,0,0,0,0,0
BV/2017-Preiner-keymaera/vsl.proof-node1377.smt2,0,0,0,0,0,0,0,1,0,0,0,0,0,0,0
BV/2017-Preiner-keymaera/intersection-example-simple.proof-node268443.smt2,0,0,0,0,0,0,0,1,0,0,0,0,0,0,0
BV/2017-Preiner-keymaera/intersection-example-simple.proof-node737898.smt2,0,0,0,0,0,0,0,1,0,0,0,0,0,0,0
BV/2017-Preiner-keymaera/dccs-example-simple-node3459.smt2,0,0,0,0,0,0,0,1,0,0,0,0,0,0,0
BV/2017-Preiner-keymaera/intersection-example-simple.proof-node621704.smt2,0,0,0,0,0,0,0,1,0,0,0,0,0,0,0
BV/2017-Preiner-keymaera/intersection-example-simple.proof-node270992.smt2,0,0,0,0,0,0,0,1,0,0,0,0,0,0,0
BV/2017-Preiner-keymaera/intersection-example-simple.proof-node529901.smt2,0,0,0,0,0,0,0,1,0,0,0,0,0,0,0
BV/2017-Preiner-keymaera/intersection-example-simple.proof-node54865.smt2,0,0,0,0,0,0,0,1,0,0,0,0,0,0,0
BV/2017-Preiner-keymaera/intersection-example-simple.proof-node674647.smt2,0,0,0,0,0,0,0,1,0,0,0,0,0,0,0
BV/2017-Preiner-keymaera/intersection-example-simple.proof-node703624.smt2,0,0,0,0,0,0,0,1,0,0,0,0,0,0,0
BV/2017-Preiner-keymaera/intersection-example-simple.proof-node388424.smt2,0,0,0,0,0,0,0,1,0,0,0,0,0,0,0
BV/2017-Preiner-keymaera/intersection-example-simple.proof-node532026.smt2,0,0,0,0,0,0,0,1,0,0,0,0,0,0,0
BV/2017-Preiner-keymaera/intersection-example-simple.proof-node603757.smt2,0,0,0,0,0,0,0,1,0,0,0,0,0,0,0
BV/2017-Preiner-keymaera/intersection-example-simple.proof-node384248.smt2,0,0,0,0,0,0,0,1,0,0,0,0,0,0,0
BV/2017-Preiner-keymaera/intersection-example-simple.proof-node676430.smt2,0,0,0,0,0,0,0,1,0,0,0,0,0,0,0
BV/2017-Preiner-keymaera/dccs-example-simple-node3457.smt2,0,0,0,0,0,0,0,1,0,0,0,0,0,0,0
BV/2017-Preiner-keymaera/vsl.proof-node1722.smt2,0,0,0,0,0,0,0,1,0,0,0,0,0,0,0
BV/2017-Preiner-keymaera/intersection-example-simple.proof-node709146.smt2,0,0,0,0,0,0,0,1,0,0,0,0,0,0,0
BV/2017-Preiner-keymaera/intersection-example-simple.proof-node291962.smt2,0,0,0,0,0,0,0,1,0,0,0,0,0,0,0
BV/2017-Preiner-keymaera/intersection-example-simple.proof-node631857.smt2,0,0,0,0,0,0,0,1,0,0,0,0,0,0,0
BV/2017-Preiner-keymaera/intersection-example-simple.proof-node292166.smt2,0,0,0,0,0,0,0,1,0,0,0,0,0,0,0
BV/2017-Preiner-keymaera/intersection-example-simple.proof-node369871.smt2,0,0,0,0,0,0,0,1,0,0,0,0,0,0,0
BV/2017-Preiner-keymaera/intersection-example-onelane.proof-node54870.smt2,0,0,0,0,0,0,0,1,0,0,0,0,0,0,0
BV/2017-Preiner-keymaera/intersection-example-simple.proof-node195048.smt2,0,0,0,0,0,0,0,1,0,0,0,0,0,0,0
BV/2017-Preiner-keymaera/intersection-example-onelane.proof-node1479.smt2,0,0,0,0,0,0,0,1,0,0,0,0,0,0,0
BV/2017-Preiner-keymaera/intersection-example-simple.proof-node386295.smt2,0,0,0,0,0,0,0,1,0,0,0,0,0,0,0
BV/2017-Preiner-keymaera/intersection-example-simple.proof-node369234.smt2,0,0,0,0,0,0,0,1,0,0,0,0,0,0,0
BV/2017-Preiner-keymaera/intersection-example-simple.proof-node475811.smt2,0,0,0,0,0,0,0,1,0,0,0,0,0,0,0
BV/2017-Preiner-keymaera/intersection-example-onelane.proof-node39725.smt2,0,0,0,0,0,0,0,1,0,0,0,0,0,0,0
BV/2017-Preiner-keymaera/intersection-example-simple.proof-node287144.smt2,0,0,0,0,0,0,0,1,0,0,0,0,0,0,0
BV/2017-Preiner-keymaera/intersection-example-simple.proof-node345166.smt2,0,0,0,0,0,0,0,1,0,0,0,0,0,0,0
BV/2017-Preiner-keymaera/intersection-example-simple.proof-node350275.smt2,0,0,0,0,0,0,0,1,0,0,0,0,0,0,0
BV/2017-Preiner-keymaera/intersection-example-simple.proof-node560330.smt2,0,0,0,0,0,0,0,1,0,0,0,0,0,0,0
BV/2017-Preiner-keymaera/intersection-example-simple.proof-node272548.smt2,0,0,0,0,0,0,0,1,0,0,0,0,0,0,0
BV/2017-Preiner-keymaera/bouncing-ball-simple-node5586.smt2,0,0,0,0,0,0,0,1,0,0,0,0,0,0,0
BV/2017-Preiner-keymaera/intersection-example-simple.proof-node561763.smt2,0,0,0,0,0,0,0,1,0,0,0,0,0,0,0
BV/2017-Preiner-keymaera/rbc-controllability-characterisation-node3299.smt2,0,0,0,0,0,0,0,1,0,0,0,0,0,0,0
BV/2017-Preiner-keymaera/intersection-example-simple.proof-node717892.smt2,0,0,0,0,0,0,0,1,0,0,0,0,0,0,0
BV/2017-Preiner-keymaera/intersection-example-onelane.proof-node5607.smt2,0,0,0,0,0,0,0,1,0,0,0,0,0,0,0
BV/2017-Preiner-keymaera/intersection-example-simple.proof-node369550.smt2,0,0,0,0,0,0,0,1,0,0,0,0,0,0,0
BV/2017-Preiner-keymaera/intersection-example-simple.proof-node174126.smt2,0,0,0,0,0,0,0,1,0,0,0,0,0,0,0
BV/2017-Preiner-keymaera/intersection-example-simple.proof-node74776.smt2,0,0,0,0,0,0,0,1,0,0,0,0,0,0,0
BV/2017-Preiner-keymaera/intersection-example-onelane.proof-node18278.smt2,0,0,0,0,0,0,0,1,0,0,0,0,0,0,0
BV/2017-Preiner-keymaera/intersection-example-simple.proof-node348711.smt2,0,0,0,0,0,0,0,1,0,0,0,0,0,0,0
BV/2017-Preiner-keymaera/intersection-example-simple.proof-node290877.smt2,0,0,0,0,0,0,0,1,0,0,0,0,0,0,0
BV/2017-Preiner-keymaera/intersection-example-onelane.proof-node37018.smt2,0,0,0,0,0,0,0,1,0,0,0,0,0,0,0
BV/2017-Preiner-keymaera/intersection-example-simple.proof-node534610.smt2,0,0,0,0,0,0,0,1,0,0,0,0,0,0,0
BV/2017-Preiner-keymaera/intersection-example-simple.proof-node369000.smt2,0,0,0,0,0,0,0,1,0,0,0,0,0,0,0
BV/2017-Preiner-keymaera/intersection-example-simple.proof-node269013.smt2,0,0,0,0,0,0,0,1,0,0,0,0,0,0,0
BV/2017-Preiner-keymaera/intersection-example-simple.proof-node252371.smt2,0,0,0,0,0,0,0,1,0,0,0,0,0,0,0
BV/2017-Preiner-keymaera/binary_driver-2007-10-09-node10279.smt2,0,0,0,0,0,0,0,1,0,0,0,0,0,0,0
BV/2017-Preiner-keymaera/intersection-example-simple.proof-node174360.smt2,0,0,0,0,0,0,0,1,0,0,0,0,0,0,0
BV/2017-Preiner-keymaera/intersection-example-onelane.proof-node13832.smt2,0,0,0,0,0,0,0,1,0,0,0,0,0,0,0
BV/2017-Preiner-keymaera/intersection-example-simple.proof-node550261.smt2,0,0,0,0,0,0,0,1,0,0,0,0,0,0,0
BV/2017-Preiner-keymaera/intersection-example-simple.proof-node630639.smt2,0,0,0,0,0,0,0,1,0,0,0,0,0,0,0
BV/20210330-PEak/extern-loop_sat_subset/medium0.smt2,0,0,0,1,0,0,0,0,0,0,0,0,0,0,0
BV/2017-Preiner-keymaera/intersection-example-onelane.proof-node34026.smt2,0,0,0,0,0,0,0,1,0,0,0,0,0,0,0
BV/2017-Preiner-keymaera/intersection-example-simple.proof-node369346.smt2,0,0,0,0,0,0,0,1,0,0,0,0,0,0,0
BV/2017-Preiner-keymaera/intersection-example-simple.proof-node365878.smt2,0,0,0,0,0,0,0,1,0,0,0,0,0,0,0
BV/2017-Preiner-keymaera/intersection-example-simple.proof-node559861.smt2,0,0,0,0,0,0,0,1,0,0,0,0,0,0,0
BV/2017-Preiner-keymaera/intersection-example-simple.proof-node345278.smt2,0,0,0,0,0,0,0,1,0,0,0,0,0,0,0
BV/2017-Preiner-keymaera/intersection-example-simple.proof-node152733.smt2,0,0,0,0,0,0,0,1,0,0,0,0,0,0,0
BV/2017-Preiner-keymaera/intersection-example-simple.proof-node733082.smt2,0,0,0,0,0,0,0,1,0,0,0,0,0,0,0
BV/2017-Preiner-keymaera/intersection-example-simple.proof-node476116.smt2,0,0,0,0,0,0,0,1,0,0,0,0,0,0,0
BV/2017-Preiner-keymaera/intersection-example-simple.proof-node601673.smt2,0,0,0,0,0,0,0,1,0,0,0,0,0,0,0
BV/2017-Preiner-keymaera/intersection-example-simple.proof-node152942.smt2,0,0,0,0,0,0,0,1,0,0,0,0,0,0,0
BV/2017-Preiner-keymaera/intersection-example-simple.proof-node631164.smt2,0,0,0,0,0,0,0,1,0,0,0,0,0,0,0
BV/2017-Preiner-keymaera/intersection-example-simple.proof-node351935.smt2,0,0,0,0,0,0,0,1,0,0,0,0,0,0,0
BV/2017-Preiner-keymaera/safety-lemma-node10952.smt2,0,0,0,0,0,0,0,1,0,0,0,0,0,0,0
BV/2017-Preiner-keymaera/intersection-example-simple.proof-node534722.smt2,0,0,0,0,0,0,0,1,0,0,0,0,0,0,0
BV/2017-Preiner-keymaera/intersection-example-simple.proof-node287256.smt2,0,0,0,0,0,0,0,1,0,0,0,0,0,0,0
BV/2017-Preiner-keymaera/intersection-example-simple.proof-node247731.smt2,0,0,0,0,0,0,0,1,0,0,0,0,0,0,0
BV/2017-Preiner-keymaera/intersection-example-onelane.proof-node46832.smt2,0,0,0,0,0,0,0,1,0,0,0,0,0,0,0
BV/2017-Preiner-keymaera/intersection-example-simple.proof-node559428.smt2,0,0,0,0,0,0,0,1,0,0,0,0,0,0,0
BV/2017-Preiner-keymaera/intersection-example-simple.proof-node704363.smt2,0,0,0,0,0,0,0,1,0,0,0,0,0,0,0
BV/2017-Preiner-keymaera/intersection-example-simple.proof-node271104.smt2,0,0,0,0,0,0,0,1,0,0,0,0,0,0,0
BV/2017-Preiner-keymaera/dccs-example-simple-node3458.smt2,0,0,0,0,0,0,0,1,0,0,0,0,0,0,0
BV/2017-Preiner-keymaera/intersection-example-simple.proof-node154163.smt2,0,0,0,0,0,0,0,1,0,0,0,0,0,0,0
BV/2017-Preiner-keymaera/intersection-example-simple.proof-node171228.smt2,0,0,0,0,0,0,0,1,0,0,0,0,0,0,0
BV/2017-Preiner-keymaera/train_goal4-node5686.smt2,0,0,0,0,0,0,0,1,0,0,0,0,0,0,0
BV/2017-Preiner-keymaera/intersection-example-onelane.proof-node14168.smt2,0,0,0,0,0,0,0,1,0,0,0,0,0,0,0
BV/2017-Preiner-keymaera/intersection-example-onelane.proof-node19598.smt2,0,0,0,0,0,0,0,1,0,0,0,0,0,0,0
BV/2017-Preiner-keymaera/intersection-example-simple.proof-node170139.smt2,0,0,0,0,0,0,0,1,0,0,0,0,0,0,0
BV/2017-Preiner-keymaera/intersection-example-simple.proof-node392932.smt2,0,0,0,0,0,0,0,1,0,0,0,0,0,0,0
BV/2017-Preiner-keymaera/intersection-example-simple.proof-node694990.smt2,0,0,0,0,0,0,0,1,0,0,0,0,0,0,0
BV/2017-Preiner-keymaera/intersection-example-simple.proof-node392708.smt2,0,0,0,0,0,0,0,1,0,0,0,0,0,0,0
BV/2017-Preiner-keymaera/intersection-example-onelane.proof-node19624.smt2,0,0,0,0,0,0,0,1,0,0,0,0,0,0,0
BV/2017-Preiner-keymaera/intersection-example-simple.proof-node479619.smt2,0,0,0,0,0,0,0,1,0,0,0,0,0,0,0
BV/2017-Preiner-keymaera/intersection-example-simple.proof-node603232.smt2,0,0,0,0,0,0,0,1,0,0,0,0,0,0,0
BV/2017-Preiner-keymaera/binary_driver-2007-10-09-node13791.smt2,0,0,0,0,0,0,0,1,0,0,0,0,0,0,0
BV/2017-Preiner-keymaera/intersection-example-simple.proof-node290002.smt2,0,0,0,0,0,0,0,1,0,0,0,0,0,0,0
BV/2017-Preiner-keymaera/intersection-example-simple.proof-node346170.smt2,0,0,0,0,0,0,0,1,0,0,0,0,0,0,0
BV/2017-Preiner-keymaera/intersection-example-simple.proof-node197075.smt2,0,0,0,0,0,0,0,1,0,0,0,0,0,0,0
BV/2017-Preiner-keymaera/dccs-example-node6709-new.smt2,0,0,0,0,0,0,0,1,0,0,0,0,0,0,0
BV/2017-Preiner-keymaera/intersection-example-onelane.proof-node31555.smt2,0,0,0,0,0,0,0,1,0,0,0,0,0,0,0
BV/20210330-PEak/no-extern-loop_sat_subset/hard1.smt2,0,0,0,1,0,0,0,0,0,0,0,0,0,0,0
BV/2017-Preiner-keymaera/intersection-example-simple.proof-node389601.smt2,0,0,0,0,0,0,0,1,0,0,0,0,0,0,0
BV/2017-Preiner-keymaera/intersection-example-onelane.proof-node45116.smt2,0,0,0,0,0,0,0,1,0,0,0,0,0,0,0
BV/2017-Preiner-keymaera/intersection-example-simple.proof-node193438.smt2,0,0,0,0,0,0,0,1,0,0,0,0,0,0,0
BV/2017-Preiner-keymaera/intersection-example-simple.proof-node606769.smt2,0,0,0,0,0,0,0,1,0,0,0,0,0,0,0
BV/2017-Preiner-keymaera/intersection-example-simple.proof-node254826.smt2,0,0,0,0,0,0,0,1,0,0,0,0,0,0,0
BV/2017-Preiner-keymaera/intersection-example-simple.proof-node345482.smt2,0,0,0,0,0,0,0,1,0,0,0,0,0,0,0
BV/2017-Preiner-keymaera/intersection-example-simple.proof-node488018.smt2,0,0,0,0,0,0,0,1,0,0,0,0,0,0,0
BV/2017-Preiner-keymaera/intersection-example-simple.proof-node619055.smt2,0,0,0,0,0,0,0,1,0,0,0,0,0,0,0
BV/2017-Preiner-keymaera/intersection-example-simple.proof-node392183.smt2,0,0,0,0,0,0,0,1,0,0,0,0,0,0,0
BV/2017-Preiner-keymaera/intersection-example-simple.proof-node719994.smt2,0,0,0,0,0,0,0,1,0,0,0,0,0,0,0
BV/2017-Preiner-keymaera/intersection-example-onelane.proof-node53911.smt2,0,0,0,0,0,0,0,1,0,0,0,0,0,0,0
BV/2017-Preiner-keymaera/intersection-example-simple.proof-node535359.smt2,0,0,0,0,0,0,0,1,0,0,0,0,0,0,0
BV/2017-Preiner-keymaera/intersection-example-simple.proof-node368427.smt2,0,0,0,0,0,0,0,1,0,0,0,0,0,0,0
BV/2017-Preiner-keymaera/intersection-example-simple.proof-node351044.smt2,0,0,0,0,0,0,0,1,0,0,0,0,0,0,0
BV/2017-Preiner-keymaera/intersection-example-simple.proof-node290415.smt2,0,0,0,0,0,0,0,1,0,0,0,0,0,0,0
BV/2017-Preiner-keymaera/intersection-example-simple.proof-node672726.smt2,0,0,0,0,0,0,0,1,0,0,0,0,0,0,0
BV/2017-Preiner-keymaera/dccs-example-node3897.smt2,0,0,0,0,0,0,0,1,0,0,0,0,0,0,0
BV/2017-Preiner-keymaera/intersection-example-simple.proof-node672976.smt2,0,0,0,0,0,0,0,1,0,0,0,0,0,0,0
BV/2017-Preiner-keymaera/intersection-example-simple.proof-node172570.smt2,0,0,0,0,0,0,0,1,0,0,0,0,0,0,0
BV/2017-Preiner-keymaera/intersection-example-simple.proof-node197946.smt2,0,0,0,0,0,0,0,1,0,0,0,0,0,0,0
BV/2017-Preiner-keymaera/intersection-example-simple.proof-node633178.smt2,0,0,0,0,0,0,0,1,0,0,0,0,0,0,0
BV/2017-Preiner-keymaera/intersection-example-simple.proof-node389285.smt2,0,0,0,0,0,0,0,1,0,0,0,0,0,0,0
BV/2017-Preiner-keymaera/bouncing-ball-simple-node5920.smt2,0,0,0,0,0,0,0,1,0,0,0,0,0,0,0
BV/2017-Preiner-keymaera/intersection-example-simple.proof-node195519.smt2,0,0,0,0,0,0,0,1,0,0,0,0,0,0,0
BV/2017-Preiner-keymaera/intersection-example-onelane.proof-node5581.smt2,0,0,0,0,0,0,0,1,0,0,0,0,0,0,0
BV/2017-Preiner-keymaera/intersection-example-simple.proof-node631052.smt2,0,0,0,0,0,0,0,1,0,0,0,0,0,0,0
BV/2017-Preiner-keymaera/intersection-example-onelane.proof-node21162.smt2,0,0,0,0,0,0,0,1,0,0,0,0,0,0,0
BV/2017-Preiner-keymaera/intersection-example-simple.proof-node489032.smt2,0,0,0,0,0,0,0,1,0,0,0,0,0,0,0
BV/2017-Preiner-keymaera/intersection-example-simple.proof-node156618.smt2,0,0,0,0,0,0,0,1,0,0,0,0,0,0,0
BV/2017-Preiner-keymaera/binary_driver-2007-10-09-node12552.smt2,0,0,0,0,0,0,0,1,0,0,0,0,0,0,0
BV/2017-Preiner-keymaera/intersection-example-onelane.proof-node43329.smt2,0,0,0,0,0,0,0,1,0,0,0,0,0,0,0
BV/2017-Preiner-keymaera/intersection-example-simple.proof-node156170.smt2,0,0,0,0,0,0,0,1,0,0,0,0,0,0,0
BV/2017-Preiner-keymaera/intersection-example-simple.proof-node191763.smt2,0,0,0,0,0,0,0,1,0,0,0,0,0,0,0
BV/2017-Preiner-keymaera/intersection-example-simple.proof-node192976.smt2,0,0,0,0,0,0,0,1,0,0,0,0,0,0,0
BV/2017-Preiner-keymaera/intersection-example-onelane.proof-node16159.smt2,0,0,0,0,0,0,0,1,0,0,0,0,0,0,0
BV/2017-Preiner-keymaera/intersection-example-simple.proof-node723526.smt2,0,0,0,0,0,0,0,1,0,0,0,0,0,0,0
BV/2017-Preiner-keymaera/intersection-example-simple.proof-node194065.smt2,0,0,0,0,0,0,0,1,0,0,0,0,0,0,0
BV/2017-Preiner-keymaera/intersection-example-simple.proof-node709258.smt2,0,0,0,0,0,0,0,1,0,0,0,0,0,0,0
BV/2017-Preiner-keymaera/intersection-example-simple.proof-node166868.smt2,0,0,0,0,0,0,0,1,0,0,0,0,0,0,0
BV/2017-Preiner-keymaera/intersection-example-simple.proof-node391376.smt2,0,0,0,0,0,0,0,1,0,0,0,0,0,0,0
BV/2017-Preiner-keymaera/intersection-example-simple.proof-node190062.smt2,0,0,0,0,0,0,0,1,0,0,0,0,0,0,0
BV/2017-Preiner-keymaera/bouncing-ball-simple-node5964.smt2,0,0,0,0,0,0,0,1,0,0,0,0,0,0,0
BV/2017-Preiner-keymaera/intersection-example-simple.proof-node548485.smt2,0,0,0,0,0,0,0,1,0,0,0,0,0,0,0
BV/2017-Preiner-keymaera/intersection-example-onelane.proof-node12517.smt2,0,0,0,0,0,0,0,1,0,0,0,0,0,0,0
BV/2017-Preiner-keymaera/ETCS-essentials-live2.proof-node640.smt2,0,0,0,0,0,0,0,1,0,0,0,0,0,0,0
BV/2017-Preiner-keymaera/intersection-example-onelane.proof-node4261.smt2,0,0,0,0,0,0,0,1,0,0,0,0,0,0,0
BV/2017-Preiner-keymaera/intersection-example-simple.proof-node559749.smt2,0,0,0,0,0,0,0,1,0,0,0,0,0,0,0
BV/2017-Preiner-keymaera/intersection-example-simple.proof-node291616.smt2,0,0,0,0,0,0,0,1,0,0,0,0,0,0,0
BV/2017-Preiner-keymaera/intersection-example-simple.proof-node152045.smt2,0,0,0,0,0,0,0,1,0,0,0,0,0,0,0
BV/2017-Preiner-keymaera/intersection-example-onelane.proof-node5338.smt2,0,0,0,0,0,0,0,1,0,0,0,0,0,0,0
BV/2017-Preiner-keymaera/intersection-example-simple.proof-node732272.smt2,0,0,0,0,0,0,0,1,0,0,0,0,0,0,0
BV/2017-Preiner-keymaera/intersection-example-simple.proof-node99874.smt2,0,0,0,0,0,0,0,1,0,0,0,0,0,0,0
BV/2017-Preiner-keymaera/dynamic_reaction_to_static_bounds.proof-node849.smt2,0,0,0,0,0,0,0,1,0,0,0,0,0,0,0
BV/2017-Preiner-keymaera/intersection-example-simple.proof-node347607.smt2,0,0,0,0,0,0,0,1,0,0,0,0,0,0,0
BV/2017-Preiner-keymaera/intersection-example-simple.proof-node619900.smt2,0,0,0,0,0,0,0,1,0,0,0,0,0,0,0
BV/2017-Preiner-keymaera/intersection-example-simple.proof-node267257.smt2,0,0,0,0,0,0,0,1,0,0,0,0,0,0,0
BV/2017-Preiner-keymaera/intersection-example-simple.proof-node264965.smt2,0,0,0,0,0,0,0,1,0,0,0,0,0,0,0
BV/2017-Preiner-keymaera/dccs-example-node3896.smt2,0,0,0,0,0,0,0,1,0,0,0,0,0,0,0
BV/2017-Preiner-keymaera/intersection-example-simple.proof-node682405.smt2,0,0,0,0,0,0,0,1,0,0,0,0,0,0,0
BV/2017-Preiner-keymaera/intersection-example-simple.proof-node551039.smt2,0,0,0,0,0,0,0,1,0,0,0,0,0,0,0
BV/2017-Preiner-keymaera/intersection-example-onelane.proof-node48996.smt2,0,0,0,0,0,0,0,1,0,0,0,0,0,0,0
BV/2017-Preiner-keymaera/intersection-example-simple.proof-node289727.smt2,0,0,0,0,0,0,0,1,0,0,0,0,0,0,0
BV/2017-Preiner-keymaera/intersection-example-simple.proof-node174997.smt2,0,0,0,0,0,0,0,1,0,0,0,0,0,0,0
BV/2017-Preiner-keymaera/intersection-example-simple.proof-node403505.smt2,0,0,0,0,0,0,0,1,0,0,0,0,0,0,0
BV/2017-Preiner-keymaera/bouncing-ball-simple-node5980.smt2,0,0,0,0,0,0,0,1,0,0,0,0,0,0,0
BV/2017-Preiner-keymaera/intersection-example-simple.proof-node392295.smt2,0,0,0,0,0,0,0,1,0,0,0,0,0,0,0
BV/2017-Preiner-keymaera/intersection-example-simple.proof-node166425.smt2,0,0,0,0,0,0,0,1,0,0,0,0,0,0,0
BV/2017-Preiner-keymaera/bouncing-ball-simple-node5963.smt2,0,0,0,0,0,0,0,1,0,0,0,0,0,0,0
BV/2017-Preiner-keymaera/vsl.proof-node2228.smt2,0,0,0,0,0,0,0,1,0,0,0,0,0,0,0
BV/2017-Preiner-keymaera/intersection-example-simple.proof-node361630.smt2,0,0,0,0,0,0,0,1,0,0,0,0,0,0,0
BV/2017-Preiner-keymaera/intersection-example-simple.proof-node267053.smt2,0,0,0,0,0,0,0,1,0,0,0,0,0,0,0
BV/2017-Preiner-keymaera/intersection-example-simple.proof-node272436.smt2,0,0,0,0,0,0,0,1,0,0,0,0,0,0,0
BV/2017-Preiner-keymaera/intersection-example-simple.proof-node254296.smt2,0,0,0,0,0,0,0,1,0,0,0,0,0,0,0
BV/2017-Preiner-keymaera/intersection-example-simple.proof-node287914.smt2,0,0,0,0,0,0,0,1,0,0,0,0,0,0,0
BV/2017-Preiner-keymaera/intersection-example-simple.proof-node601561.smt2,0,0,0,0,0,0,0,1,0,0,0,0,0,0,0
BV/2017-Preiner-keymaera/intersection-example-simple.proof-node348040.smt2,0,0,0,0,0,0,0,1,0,0,0,0,0,0,0
BV/2017-Preiner-keymaera/intersection-example-simple.proof-node389810.smt2,0,0,0,0,0,0,0,1,0,0,0,0,0,0,0
BV/2017-Preiner-keymaera/intersection-example-simple.proof-node193953.smt2,0,0,0,0,0,0,0,1,0,0,0,0,0,0,0
BV/2017-Preiner-keymaera/intersection-example-simple.proof-node349276.smt2,0,0,0,0,0,0,0,1,0,0,0,0,0,0,0
BV/2017-Preiner-keymaera/intersection-example-simple.proof-node292487.smt2,0,0,0,0,0,0,0,1,0,0,0,0,0,0,0
BV/2017-Preiner-keymaera/intersection-example-simple.proof-node559637.smt2,0,0,0,0,0,0,0,1,0,0,0,0,0,0,0
BV/2017-Preiner-keymaera/intersection-example-simple.proof-node93152.smt2,0,0,0,0,0,0,0,1,0,0,0,0,0,0,0
BV/2017-Preiner-keymaera/intersection-example-simple.proof-node150970.smt2,0,0,0,0,0,0,0,1,0,0,0,0,0,0,0
BV/2017-Preiner-keymaera/intersection-example-onelane.proof-node54847.smt2,0,0,0,0,0,0,0,1,0,0,0,0,0,0,0
BV/2017-Preiner-keymaera/intersection-example-simple.proof-node190266.smt2,0,0,0,0,0,0,0,1,0,0,0,0,0,0,0
BV/2017-Preiner-keymaera/intersection-example-simple.proof-node673414.smt2,0,0,0,0,0,0,0,1,0,0,0,0,0,0,0
BV/2017-Preiner-keymaera/intersection-example-simple.proof-node551029.smt2,0,0,0,0,0,0,0,1,0,0,0,0,0,0,0
BV/2017-Preiner-keymaera/intersection-example-simple.proof-node704546.smt2,0,0,0,0,0,0,0,1,0,0,0,0,0,0,0
BV/2017-Preiner-keymaera/intersection-example-simple.proof-node682293.smt2,0,0,0,0,0,0,0,1,0,0,0,0,0,0,0
BV/2017-Preiner-keymaera/intersection-example-simple.proof-node251841.smt2,0,0,0,0,0,0,0,1,0,0,0,0,0,0,0
BV/2017-Preiner-keymaera/intersection-example-onelane.proof-node17882.smt2,0,0,0,0,0,0,0,1,0,0,0,0,0,0,0
BV/2017-Preiner-keymaera/intersection-example-onelane.proof-node39751.smt2,0,0,0,0,0,0,0,1,0,0,0,0,0,0,0
BV/2017-Preiner-keymaera/intersection-example-simple.proof-node349694.smt2,0,0,0,0,0,0,0,1,0,0,0,0,0,0,0
BV/2017-Preiner-keymaera/intersection-example-simple.proof-node294860.smt2,0,0,0,0,0,0,0,1,0,0,0,0,0,0,0
BV/2017-Preiner-keymaera/intersection-example-simple.proof-node532235.smt2,0,0,0,0,0,0,0,1,0,0,0,0,0,0,0
BV/2017-Preiner-keymaera/intersection-example-simple.proof-node673526.smt2,0,0,0,0,0,0,0,1,0,0,0,0,0,0,0
BV/2017-Preiner-keymaera/intersection-example-simple.proof-node367444.smt2,0,0,0,0,0,0,0,1,0,0,0,0,0,0,0
BV/2017-Preiner-keymaera/to_left-node1505.smt2,0,0,0,0,0,0,0,1,0,0,0,0,0,0,0
BV/2017-Preiner-keymaera/binary_driver-2007-10-09-node14896.smt2,0,0,0,0,0,0,0,1,0,0,0,0,0,0,0
BV/2017-Preiner-keymaera/intersection-example-onelane.proof-node11162.smt2,0,0,0,0,0,0,0,1,0,0,0,0,0,0,0
BV/2017-Preiner-keymaera/intersection-example-simple.proof-node194936.smt2,0,0,0,0,0,0,0,1,0,0,0,0,0,0,0
BV/2017-Preiner-keymaera/intersection-example-simple.proof-node190475.smt2,0,0,0,0,0,0,0,1,0,0,0,0,0,0,0
BV/2017-Preiner-keymaera/vsli-alert.proof-node2442.smt2,0,0,0,0,0,0,0,1,0,0,0,0,0,0,0
BV/2017-Preiner-keymaera/intersection-example-simple.proof-node172682.smt2,0,0,0,0,0,0,0,1,0,0,0,0,0,0,0
BV/2017-Preiner-keymaera/intersection-example-onelane.proof-node37008.smt2,0,0,0,0,0,0,0,1,0,0,0,0,0,0,0
BV/2017-Preiner-keymaera/intersection-example-simple.proof-node269426.smt2,0,0,0,0,0,0,0,1,0,0,0,0,0,0,0
BV/2017-Preiner-keymaera/intersection-example-simple.proof-node270758.smt2,0,0,0,0,0,0,0,1,0,0,0,0,0,0,0
BV/2017-Preiner-keymaera/intersection-example-simple.proof-node254500.smt2,0,0,0,0,0,0,0,1,0,0,0,0,0,0,0
BV/2017-Preiner-keymaera/intersection-example-simple.proof-node488451.smt2,0,0,0,0,0,0,0,1,0,0,0,0,0,0,0
BV/2017-Preiner-keymaera/intersection-example-simple.proof-node531822.smt2,0,0,0,0,0,0,0,1,0,0,0,0,0,0,0
BV/2017-Preiner-keymaera/intersection-example-simple.proof-node603436.smt2,0,0,0,0,0,0,0,1,0,0,0,0,0,0,0
BV/2017-Preiner-keymaera/intersection-example-onelane.proof-node46589.smt2,0,0,0,0,0,0,0,1,0,0,0,0,0,0,0
BV/2017-Preiner-keymaera/intersection-example-simple.proof-node732160.smt2,0,0,0,0,0,0,0,1,0,0,0,0,0,0,0
BV/2017-Preiner-keymaera/intersection-example-simple.proof-node171004.smt2,0,0,0,0,0,0,0,1,0,0,0,0,0,0,0
BV/2017-Preiner-keymaera/intersection-example-simple.proof-node345732.smt2,0,0,0,0,0,0,0,1,0,0,0,0,0,0,0
BV/2017-Preiner-keymaera/intersection-example-onelane.proof-node54859.smt2,0,0,0,0,0,0,0,1,0,0,0,0,0,0,0
BV/2017-Preiner-keymaera/intersection-example-simple.proof-node363688.smt2,0,0,0,0,0,0,0,1,0,0,0,0,0,0,0
BV/2017-Preiner-keymaera/ETCS-essentials-node3023.smt2,0,0,0,0,0,0,0,1,0,0,0,0,0,0,0
BV/2017-Preiner-keymaera/intersection-example-simple.proof-node265077.smt2,0,0,0,0,0,0,0,1,0,0,0,0,0,0,0
BV/2017-Preiner-keymaera/intersection-example-simple.proof-node269538.smt2,0,0,0,0,0,0,0,1,0,0,0,0,0,0,0
BV/2017-Preiner-keymaera/intersection-example-simple.proof-node251490.smt2,0,0,0,0,0,0,0,1,0,0,0,0,0,0,0
BV/2017-Preiner-keymaera/intersection-example-simple.proof-node476763.smt2,0,0,0,0,0,0,0,1,0,0,0,0,0,0,0
BV/2017-Preiner-keymaera/intersection-example-simple.proof-node267578.smt2,0,0,0,0,0,0,0,1,0,0,0,0,0,0,0
BV/2017-Preiner-keymaera/intersection-example-simple.proof-node189817.smt2,0,0,0,0,0,0,0,1,0,0,0,0,0,0,0
BV/2017-Preiner-keymaera/intersection-example-simple.proof-node167638.smt2,0,0,0,0,0,0,0,1,0,0,0,0,0,0,0
BV/2017-Preiner-keymaera/intersection-example-simple.proof-node288026.smt2,0,0,0,0,0,0,0,1,0,0,0,0,0,0,0
BV/2017-Preiner-keymaera/intersection-example-simple.proof-node171462.smt2,0,0,0,0,0,0,0,1,0,0,0,0,0,0,0
BV/2017-Preiner-keymaera/intersection-example-onelane.proof-node23307.smt2,0,0,0,0,0,0,0,1,0,0,0,0,0,0,0
BV/2017-Preiner-keymaera/intersection-example-simple.proof-node476753.smt2,0,0,0,0,0,0,0,1,0,0,0,0,0,0,0
BV/2017-Preiner-keymaera/intersection-example-simple.proof-node479629.smt2,0,0,0,0,0,0,0,1,0,0,0,0,0,0,0
BV/2017-Preiner-keymaera/intersection-example-simple.proof-node268901.smt2,0,0,0,0,0,0,0,1,0,0,0,0,0,0,0
BV/2017-Preiner-keymaera/intersection-example-simple.proof-node250605.smt2,0,0,0,0,0,0,0,1,0,0,0,0,0,0,0
BV/2017-Preiner-keymaera/intersection-example-onelane.proof-node54892.smt2,0,0,0,0,0,0,0,1,0,0,0,0,0,0,0
BV/2017-Preiner-keymaera/intersection-example-simple.proof-node490353.smt2,0,0,0,0,0,0,0,1,0,0,0,0,0,0,0
BV/2017-Preiner-keymaera/intersection-example-simple.proof-node287501.smt2,0,0,0,0,0,0,0,1,0,0,0,0,0,0,0
BV/2017-Preiner-keymaera/intersection-example-simple.proof-node688713.smt2,0,0,0,0,0,0,0,1,0,0,0,0,0,0,0
BV/2017-Preiner-keymaera/intersection-example-simple.proof-node151296.smt2,0,0,0,0,0,0,0,1,0,0,0,0,0,0,0
BV/2017-Preiner-keymaera/intersection-example-onelane.proof-node17304.smt2,0,0,0,0,0,0,0,1,0,0,0,0,0,0,0
BV/2017-Preiner-keymaera/intersection-example-onelane.proof-node20269.smt2,0,0,0,0,0,0,0,1,0,0,0,0,0,0,0
BV/2017-Preiner-keymaera/intersection-example-simple.proof-node368539.smt2,0,0,0,0,0,0,0,1,0,0,0,0,0,0,0
BV/2017-Preiner-keymaera/intersection-example-simple.proof-node368193.smt2,0,0,0,0,0,0,0,1,0,0,0,0,0,0,0
BV/2017-Preiner-keymaera/intersection-example-simple.proof-node151408.smt2,0,0,0,0,0,0,0,1,0,0,0,0,0,0,0
BV/2017-Preiner-keymaera/intersection-example-simple.proof-node95128.smt2,0,0,0,0,0,0,0,1,0,0,0,0,0,0,0
BV/2017-Preiner-keymaera/intersection-example-onelane.proof-node48396.smt2,0,0,0,0,0,0,0,1,0,0,0,0,0,0,0
BV/2017-Preiner-keymaera/intersection-example-simple.proof-node173665.smt2,0,0,0,0,0,0,0,1,0,0,0,0,0,0,0
BV/2017-Preiner-keymaera/intersection-example-simple.proof-node602111.smt2,0,0,0,0,0,0,0,1,0,0,0,0,0,0,0
BV/2017-Preiner-keymaera/intersection-example-onelane.proof-node30209.smt2,0,0,0,0,0,0,0,1,0,0,0,0,0,0,0
BV/2017-Preiner-keymaera/intersection-example-simple.proof-node264195.smt2,0,0,0,0,0,0,0,1,0,0,0,0,0,0,0
BV/2017-Preiner-keymaera/safety-lemma-node14050.smt2,0,0,0,0,0,0,0,1,0,0,0,0,0,0,0
BV/2017-Preiner-keymaera/intersection-example-simple.proof-node550289.smt2,0,0,0,0,0,0,0,1,0,0,0,0,0,0,0
BV/2017-Preiner-keymaera/intersection-example-simple.proof-node561425.smt2,0,0,0,0,0,0,0,1,0,0,0,0,0,0,0
BV/2017-Preiner-keymaera/intersection-example-simple.proof-node290206.smt2,0,0,0,0,0,0,0,1,0,0,0,0,0,0,0
BV/2017-Preiner-keymaera/intersection-example-onelane.proof-node45106.smt2,0,0,0,0,0,0,0,1,0,0,0,0,0,0,0
BV/2017-Preiner-keymaera/intersection-example-simple.proof-node198058.smt2,0,0,0,0,0,0,0,1,0,0,0,0,0,0,0
BV/2017-Preiner-keymaera/intersection-example-simple.proof-node365013.smt2,0,0,0,0,0,0,0,1,0,0,0,0,0,0,0
BV/2017-Preiner-keymaera/binary_driver-2007-10-09-node10280.smt2,0,0,0,0,0,0,0,1,0,0,0,0,0,0,0
BV/2017-Preiner-keymaera/intersection-example-simple.proof-node490015.smt2,0,0,0,0,0,0,0,1,0,0,0,0,0,0,0
BV/2017-Preiner-keymaera/intersection-example-simple.proof-node52492.smt2,0,0,0,0,0,0,0,1,0,0,0,0,0,0,0
BV/2017-Preiner-keymaera/intersection-example-onelane.proof-node12481.smt2,0,0,0,0,0,0,0,1,0,0,0,0,0,0,0
BV/2017-Preiner-keymaera/intersection-example-simple.proof-node347816.smt2,0,0,0,0,0,0,0,1,0,0,0,0,0,0,0
BV/2017-Preiner-keymaera/intersection-example-simple.proof-node252840.smt2,0,0,0,0,0,0,0,1,0,0,0,0,0,0,0
BV/2017-Preiner-keymaera/intersection-example-simple.proof-node289202.smt2,0,0,0,0,0,0,0,1,0,0,0,0,0,0,0
BV/2017-Preiner-keymaera/intersection-example-simple.proof-node673088.smt2,0,0,0,0,0,0,0,1,0,0,0,0,0,0,0
BV/2017-Preiner-keymaera/intersection-example-simple.proof-node605043.smt2,0,0,0,0,0,0,0,1,0,0,0,0,0,0,0
BV/2017-Preiner-keymaera/intersection-example-onelane.proof-node29839.smt2,0,0,0,0,0,0,0,1,0,0,0,0,0,0,0
BV/2017-Preiner-keymaera/intersection-example-onelane.proof-node47513.smt2,0,0,0,0,0,0,0,1,0,0,0,0,0,0,0
BV/2017-Preiner-keymaera/train_goal6-node8607.smt2,0,0,0,0,0,0,0,1,0,0,0,0,0,0,0
BV/2017-Preiner-keymaera/intersection-example-onelane.proof-node43393.smt2,0,0,0,0,0,0,0,1,0,0,0,0,0,0,0
BV/2017-Preiner-keymaera/intersection-example-simple.proof-node560442.smt2,0,0,0,0,0,0,0,1,0,0,0,0,0,0,0
BV/2017-Preiner-keymaera/intersection-example-simple.proof-node488920.smt2,0,0,0,0,0,0,0,1,0,0,0,0,0,0,0
BV/2017-Preiner-keymaera/intersection-example-simple.proof-node561875.smt2,0,0,0,0,0,0,0,1,0,0,0,0,0,0,0
BV/2017-Preiner-keymaera/intersection-example-simple.proof-node264307.smt2,0,0,0,0,0,0,0,1,0,0,0,0,0,0,0
BV/2017-Preiner-keymaera/intersection-example-simple.proof-node295273.smt2,0,0,0,0,0,0,0,1,0,0,0,0,0,0,0
BV/2017-Preiner-keymaera/intersection-example-simple.proof-node551337.smt2,0,0,0,0,0,0,0,1,0,0,0,0,0,0,0
BV/2017-Preiner-keymaera/controllability-lemma-disturbed.proof-node770.smt2,0,0,0,0,0,0,0,1,0,0,0,0,0,0,0
BV/2017-Preiner-keymaera/intersection-example-simple.proof-node369759.smt2,0,0,0,0,0,0,0,1,0,0,0,0,0,0,0
BV/2017-Preiner-keymaera/intersection-example-simple.proof-node291850.smt2,0,0,0,0,0,0,0,1,0,0,0,0,0,0,0
BV/2017-Preiner-keymaera/train_goal3-node5717.smt2,0,0,0,0,0,0,0,1,0,0,0,0,0,0,0
BV/2017-Preiner-keymaera/intersection-example-simple.proof-node169818.smt2,0,0,0,0,0,0,0,1,0,0,0,0,0,0,0
BV/2017-Preiner-keymaera/intersection-example-simple.proof-node155401.smt2,0,0,0,0,0,0,0,1,0,0,0,0,0,0,0
BV/2017-Preiner-keymaera/intersection-example-simple.proof-node631276.smt2,0,0,0,0,0,0,0,1,0,0,0,0,0,0,0
BV/2017-Preiner-keymaera/FTRM-entry-tang-feasible-node1796.smt2,0,0,0,0,0,0,0,1,0,0,0,0,0,0,0
BV/2017-Preiner-keymaera/intersection-example-simple.proof-node548277.smt2,0,0,0,0,0,0,0,1,0,0,0,0,0,0,0
BV/2017-Preiner-keymaera/intersection-example-simple.proof-node606132.smt2,0,0,0,0,0,0,0,1,0,0,0,0,0,0,0
BV/2017-Preiner-keymaera/intersection-example-simple.proof-node362512.smt2,0,0,0,0,0,0,0,1,0,0,0,0,0,0,0
BV/2017-Preiner-keymaera/intersection-example-simple.proof-node288860.smt2,0,0,0,0,0,0,0,1,0,0,0,0,0,0,0
BV/2017-Preiner-keymaera/ETCS-essentials-live-range2.proof-node577.smt2,0,0,0,0,0,0,0,1,0,0,0,0,0,0,0
BV/2017-Preiner-keymaera/intersection-example-onelane.proof-node53901.smt2,0,0,0,0,0,0,0,1,0,0,0,0,0,0,0
BV/2017-Preiner-keymaera/intersection-example-simple.proof-node294748.smt2,0,0,0,0,0,0,0,1,0,0,0,0,0,0,0
BV/2017-Preiner-keymaera/intersection-example-simple.proof-node174885.smt2,0,0,0,0,0,0,0,1,0,0,0,0,0,0,0
BV/2017-Preiner-keymaera/intersection-example-simple.proof-node171778.smt2,0,0,0,0,0,0,0,1,0,0,0,0,0,0,0
BV/2017-Preiner-keymaera/intersection-example-simple.proof-node346919.smt2,0,0,0,0,0,0,0,1,0,0,0,0,0,0,0
BV/2017-Preiner-keymaera/vsl.proof-node2761.smt2,0,0,0,0,0,0,0,1,0,0,0,0,0,0,0
BV/2017-Preiner-keymaera/intersection-example-simple.proof-node175109.smt2,0,0,0,0,0,0,0,1,0,0,0,0,0,0,0
BV/2017-Preiner-keymaera/intersection-example-simple.proof-node387850.smt2,0,0,0,0,0,0,0,1,0,0,0,0,0,0,0
BV/2017-Preiner-keymaera/intersection-example-simple.proof-node531710.smt2,0,0,0,0,0,0,0,1,0,0,0,0,0,0,0
BV/2017-Preiner-keymaera/intersection-example-simple.proof-node197625.smt2,0,0,0,0,0,0,0,1,0,0,0,0,0,0,0
BV/2017-Preiner-keymaera/intersection-example-simple.proof-node480617.smt2,0,0,0,0,0,0,0,1,0,0,0,0,0,0,0
BV/2017-Preiner-keymaera/intersection-example-simple.proof-node250172.smt2,0,0,0,0,0,0,0,1,0,0,0,0,0,0,0
BV/2017-Preiner-keymaera/intersection-example-onelane.proof-node11136.smt2,0,0,0,0,0,0,0,1,0,0,0,0,0,0,0
BV/2017-Preiner-keymaera/intersection-example-simple.proof-node347928.smt2,0,0,0,0,0,0,0,1,0,0,0,0,0,0,0
BV/2017-Preiner-keymaera/intersection-example-simple.proof-node271565.smt2,0,0,0,0,0,0,0,1,0,0,0,0,0,0,0
BV/2017-Preiner-keymaera/intersection-example-simple.proof-node674535.smt2,0,0,0,0,0,0,0,1,0,0,0,0,0,0,0
BV/2017-Preiner-keymaera/intersection-example-simple.proof-node459232.smt2,0,0,0,0,0,0,0,1,0,0,0,0,0,0,0
BV/2017-Preiner-keymaera/intersection-example-simple.proof-node384691.smt2,0,0,0,0,0,0,0,1,0,0,0,0,0,0,0
BV/2017-Preiner-keymaera/intersection-example-simple.proof-node57081.smt2,0,0,0,0,0,0,0,1,0,0,0,0,0,0,0
BV/2017-Preiner-keymaera/intersection-example-simple.proof-node384936.smt2,0,0,0,0,0,0,0,1,0,0,0,0,0,0,0
BV/2017-Preiner-keymaera/intersection-example-onelane.proof-node25171.smt2,0,0,0,0,0,0,0,1,0,0,0,0,0,0,0
BV/2017-Preiner-keymaera/intersection-example-simple.proof-node347403.smt2,0,0,0,0,0,0,0,1,0,0,0,0,0,0,0
BV/2017-Preiner-keymaera/dccs-example-simple-node6246.smt2,0,0,0,0,0,0,0,1,0,0,0,0,0,0,0
BV/2017-Preiner-keymaera/intersection-example-simple.proof-node189374.smt2,0,0,0,0,0,0,0,1,0,0,0,0,0,0,0
BV/2017-Preiner-keymaera/intersection-example-simple.proof-node192767.smt2,0,0,0,0,0,0,0,1,0,0,0,0,0,0,0
BV/2017-Preiner-keymaera/intersection-example-simple.proof-node388939.smt2,0,0,0,0,0,0,0,1,0,0,0,0,0,0,0
BV/2017-Preiner-keymaera/intersection-example-simple.proof-node620306.smt2,0,0,0,0,0,0,0,1,0,0,0,0,0,0,0
BV/2017-Preiner-keymaera/intersection-example-simple.proof-node391142.smt2,0,0,0,0,0,0,0,1,0,0,0,0,0,0,0
BV/2017-Preiner-keymaera/intersection-example-simple.proof-node385140.smt2,0,0,0,0,0,0,0,1,0,0,0,0,0,0,0
BV/2017-Preiner-keymaera/intersection-example-onelane.proof-node51016.smt2,0,0,0,0,0,0,0,1,0,0,0,0,0,0,0
BV/2017-Preiner-keymaera/intersection-example-simple.proof-node476004.smt2,0,0,0,0,0,0,0,1,0,0,0,0,0,0,0
BV/2017-Preiner-keymaera/intersection-example-simple.proof-node605258.smt2,0,0,0,0,0,0,0,1,0,0,0,0,0,0,0
BV/2017-Preiner-keymaera/intersection-example-simple.proof-node632840.smt2,0,0,0,0,0,0,0,1,0,0,0,0,0,0,0
BV/2017-Preiner-keymaera/intersection-example-simple.proof-node287705.smt2,0,0,0,0,0,0,0,1,0,0,0,0,0,0,0
BV/2017-Preiner-keymaera/binary_driver-2007-10-09-node8746.smt2,0,0,0,0,0,0,0,1,0,0,0,0,0,0,0
BV/2017-Preiner-keymaera/intersection-example-simple.proof-node561079.smt2,0,0,0,0,0,0,0,1,0,0,0,0,0,0,0
BV/2017-Preiner-keymaera/intersection-example-simple.proof-node548891.smt2,0,0,0,0,0,0,0,1,0,0,0,0,0,0,0
BV/2017-Preiner-keymaera/vsli.proof-node2282.smt2,0,0,0,0,0,0,0,1,0,0,0,0,0,0,0
BV/2017-Preiner-keymaera/binary_driver-2007-10-09-node11384.smt2,0,0,0,0,0,0,0,1,0,0,0,0,0,0,0
BV/2017-Preiner-keymaera/intersection-example-simple.proof-node361987.smt2,0,0,0,0,0,0,0,1,0,0,0,0,0,0,0
BV/2017-Preiner-keymaera/intersection-example-simple.proof-node478879.smt2,0,0,0,0,0,0,0,1,0,0,0,0,0,0,0
BV/2017-Preiner-keymaera/vsli-alert.proof-node2416.smt2,0,0,0,0,0,0,0,1,0,0,0,0,0,0,0
BV/2017-Preiner-keymaera/bouncing-ball-inv-node6249.smt2,0,0,0,0,0,0,0,1,0,0,0,0,0,0,0
BV/2017-Preiner-keymaera/intersection-example-simple.proof-node605722.smt2,0,0,0,0,0,0,0,1,0,0,0,0,0,0,0
BV/2017-Preiner-keymaera/intersection-example-simple.proof-node268667.smt2,0,0,0,0,0,0,0,1,0,0,0,0,0,0,0
BV/2017-Preiner-keymaera/intersection-example-simple.proof-node632728.smt2,0,0,0,0,0,0,0,1,0,0,0,0,0,0,0
BV/2017-Preiner-keymaera/intersection-example-simple.proof-node249484.smt2,0,0,0,0,0,0,0,1,0,0,0,0,0,0,0
BV/2017-Preiner-keymaera/ETCS-d-braking-node1346.smt2,0,0,0,0,0,0,0,1,0,0,0,0,0,0,0
BV/2017-Preiner-UltimateAutomizer/Primes_true-unreach-call.c_673.smt2,0,0,0,0,1,0,0,0,0,0,0,0,0,0,0
BV/2017-Preiner-UltimateAutomizer/Primes_true-unreach-call.c_2207.smt2,0,0,0,0,1,0,0,0,0,0,0,0,0,0,0
BV/2017-Preiner-UltimateAutomizer/nested9_true-unreach-call.i_1070.smt2,0,0,0,0,1,0,0,0,0,0,0,0,0,0,0
BV/2017-Preiner-UltimateAutomizer/Primes_true-unreach-call.c_678.smt2,0,0,0,0,1,0,0,0,0,0,0,0,0,0,0
BV/2017-Preiner-UltimateAutomizer/nested9_true-unreach-call.i_670.smt2,0,0,0,0,1,0,0,0,0,0,0,0,0,0,0
BV/2017-Preiner-UltimateAutomizer/Primes_true-unreach-call.c_597.smt2,0,0,0,0,1,0,0,0,0,0,0,0,0,0,0
BV/2017-Preiner-UltimateAutomizer/nested9_true-unreach-call.i_1770.smt2,0,0,0,0,1,0,0,0,0,0,0,0,0,0,0
BV/2017-Preiner-UltimateAutomizer/Primes_true-unreach-call.c_187.smt2,0,0,0,0,1,0,0,0,0,0,0,0,0,0,0
BV/2017-Preiner-UltimateAutomizer/nested9_true-unreach-call.i_473.smt2,0,0,0,0,1,0,0,0,0,0,0,0,0,0,0
BV/20230321-UltimateAutomizerSvcomp2023/heapsort.i_9.smt2,0,0,0,0,0,0,0,0,0,0,0,0,1,0,0
BV/20230321-UltimateAutomizerSvcomp2023/sum.i_0.smt2,0,0,0,0,0,0,0,0,0,0,0,0,1,0,0
BV/20230321-UltimateAutomizerSvcomp2023/jain_4-1.c_2.smt2,0,0,0,0,0,0,0,0,0,0,0,0,1,0,0
BV/20230321-UltimateAutomizerSvcomp2023/heapsort.i_3.smt2,0,0,0,0,0,0,0,0,0,0,0,0,1,0,0
BV/20230321-UltimateAutomizerSvcomp2023/jain_6-1.c_2.smt2,0,0,0,0,0,0,0,0,0,0,0,0,1,0,0
BV/20230321-UltimateAutomizerSvcomp2023/jain_6-1.c_8.smt2,0,0,0,0,0,0,0,0,0,0,0,0,1,0,0
BV/20230321-UltimateAutomizerSvcomp2023/jain_6-1.c_5.smt2,0,0,0,0,0,0,0,0,0,0,0,0,1,0,0
BV/20230321-UltimateAutomizerSvcomp2023/soft_float_1-1.c.cil.c_0.smt2,0,0,0,0,0,0,0,0,0,0,0,0,1,0,0
BV/20230321-UltimateAutomizerSvcomp2023/btor2c-eagerMod.bakery.1.prop1-func-interl.c_10.smt2,0,0,0,0,0,0,0,0,0,0,0,0,1,0,0
BV/20230321-UltimateAutomizerSvcomp2023/psyco_abp_1-2.c_2.smt2,0,0,0,0,0,0,0,0,0,0,0,0,1,0,0
BV/20230321-UltimateAutomizerSvcomp2023/jain_4-1.c_11.smt2,0,0,0,0,0,0,0,0,0,0,0,0,1,0,0
BV/20230321-UltimateAutomizerSvcomp2023/heapsort.i_0.smt2,0,0,0,0,0,0,0,0,0,0,0,0,1,0,0
BV/20230321-UltimateAutomizerSvcomp2023/sum.i_1.smt2,0,0,0,0,0,0,0,0,0,0,0,0,1,0,0
BV/20230321-UltimateAutomizerSvcomp2023/soft_float_4-2.c.cil.c_9.smt2,0,0,0,0,0,0,0,0,0,0,0,0,1,0,0
BV/20230321-UltimateAutomizerSvcomp2023/soft_float_1-1.c.cil.c_2.smt2,0,0,0,0,0,0,0,0,0,0,0,0,1,0,0
BV/20230321-UltimateAutomizerSvcomp2023/btor2c-eagerMod.bakery.1.prop1-func-interl.c_2.smt2,0,0,0,0,0,0,0,0,0,0,0,0,1,0,0
BV/20230321-UltimateAutomizerSvcomp2023/linear-inequality-inv-a.c_6.smt2,0,0,0,0,0,0,0,0,0,0,0,0,1,0,0
BV/20230321-UltimateAutomizerSvcomp2023/soft_float_4-1.c.cil.c_7.smt2,0,0,0,0,0,0,0,0,0,0,0,0,1,0,0
BV/20230321-UltimateAutomizerSvcomp2023/soft_float_1-1.c.cil.c_9.smt2,0,0,0,0,0,0,0,0,0,0,0,0,1,0,0
BV/20230321-UltimateAutomizerSvcomp2023/jain_6-1.c_7.smt2,0,0,0,0,0,0,0,0,0,0,0,0,1,0,0
BV/20230321-UltimateAutomizerSvcomp2023/jain_6-1.c_10.smt2,0,0,0,0,0,0,0,0,0,0,0,0,1,0,0
BV/20230321-UltimateAutomizerSvcomp2023/soft_float_4-2.c.cil.c_3.smt2,0,0,0,0,0,0,0,0,0,0,0,0,1,0,0
BV/20230321-UltimateAutomizerSvcomp2023/soft_float_4-1.c.cil.c_9.smt2,0,0,0,0,0,0,0,0,0,0,0,0,1,0,0
BV/20230321-UltimateAutomizerSvcomp2023/jain_6-1.c_9.smt2,0,0,0,0,0,0,0,0,0,0,0,0,1,0,0
BV/20230321-UltimateAutomizerSvcomp2023/btor2c-eagerMod.bakery.1.prop1-func-interl.c_4.smt2,0,0,0,0,0,0,0,0,0,0,0,0,1,0,0
BV/20230321-UltimateAutomizerSvcomp2023/soft_float_4-2a.c.cil.c_9.smt2,0,0,0,0,0,0,0,0,0,0,0,0,1,0,0
BV/20230321-UltimateAutomizerSvcomp2023/btor2c-lazyMod.fischer.1.prop1-back-serstep.c_2.smt2,0,0,0,0,0,0,0,0,0,0,0,0,1,0,0
BV/20230321-UltimateAutomizerSvcomp2023/jain_4-1.c_4.smt2,0,0,0,0,0,0,0,0,0,0,0,0,1,0,0
BV/20230321-UltimateAutomizerSvcomp2023/soft_float_4-2.c.cil.c_4.smt2,0,0,0,0,0,0,0,0,0,0,0,0,1,0,0
BV/20230321-UltimateAutomizerSvcomp2023/jain_2-2.c_0.smt2,0,0,0,0,0,0,0,0,0,0,0,0,1,0,0
BV/20230321-UltimateAutomizerSvcomp2023/soft_float_1-1.c.cil.c_3.smt2,0,0,0,0,0,0,0,0,0,0,0,0,1,0,0
BV/20230321-UltimateAutomizerSvcomp2023/jain_7-1.c_3.smt2,0,0,0,0,0,0,0,0,0,0,0,0,1,0,0
BV/20230321-UltimateAutomizerSvcomp2023/btor2c-lazyMod.protocols.1.prop1-func-interl.c_0.smt2,0,0,0,0,0,0,0,0,0,0,0,0,1,0,0
BV/20230321-UltimateAutomizerSvcomp2023/jain_7-1.c_5.smt2,0,0,0,0,0,0,0,0,0,0,0,0,1,0,0
BV/20230321-UltimateAutomizerSvcomp2023/jain_7-2.c_1.smt2,0,0,0,0,0,0,0,0,0,0,0,0,1,0,0
BV/20230321-UltimateAutomizerSvcomp2023/jain_7-1.c_2.smt2,0,0,0,0,0,0,0,0,0,0,0,0,1,0,0
BV/20230321-UltimateAutomizerSvcomp2023/jain_6-1.c_11.smt2,0,0,0,0,0,0,0,0,0,0,0,0,1,0,0
BV/20230321-UltimateAutomizerSvcomp2023/jain_4-1.c_7.smt2,0,0,0,0,0,0,0,0,0,0,0,0,1,0,0
BV/20230321-UltimateAutomizerSvcomp2023/jain_2-2.c_10.smt2,0,0,0,0,0,0,0,0,0,0,0,0,1,0,0
BV/20230321-UltimateAutomizerSvcomp2023/linear-inequality-inv-a.c_0.smt2,0,0,0,0,0,0,0,0,0,0,0,0,1,0,0
BV/20230321-UltimateAutomizerSvcomp2023/jain_2-2.c_3.smt2,0,0,0,0,0,0,0,0,0,0,0,0,1,0,0
BV/20230321-UltimateAutomizerSvcomp2023/jain_7-1.c_9.smt2,0,0,0,0,0,0,0,0,0,0,0,0,1,0,0
BV/20230321-UltimateAutomizerSvcomp2023/jain_6-1.c_1.smt2,0,0,0,0,0,0,0,0,0,0,0,0,1,0,0
BV/20230321-UltimateAutomizerSvcomp2023/btor2c-eagerMod.cambridge.1.prop2-func-interl.c_2.smt2,0,0,0,0,0,0,0,0,0,0,0,0,1,0,0
BV/20230321-UltimateAutomizerSvcomp2023/btor2c-eagerMod.bakery.1.prop1-func-interl.c_11.smt2,0,0,0,0,0,0,0,0,0,0,0,0,1,0,0
BV/20230321-UltimateAutomizerSvcomp2023/soft_float_4-2.c.cil.c_10.smt2,0,0,0,0,0,0,0,0,0,0,0,0,1,0,0
BV/20230321-UltimateAutomizerSvcomp2023/jain_4-1.c_5.smt2,0,0,0,0,0,0,0,0,0,0,0,0,1,0,0
BV/20230321-UltimateAutomizerSvcomp2023/btor2c-eagerMod.vis_arrays_vsa16a_p6.c_5.smt2,0,0,0,0,0,0,0,0,0,0,0,0,1,0,0
BV/20230321-UltimateAutomizerSvcomp2023/soft_float_4-2.c.cil.c_6.smt2,0,0,0,0,0,0,0,0,0,0,0,0,1,0,0
BV/20230321-UltimateAutomizerSvcomp2023/jain_6-1.c_4.smt2,0,0,0,0,0,0,0,0,0,0,0,0,1,0,0
BV/20230321-UltimateAutomizerSvcomp2023/jain_4-1.c_1.smt2,0,0,0,0,0,0,0,0,0,0,0,0,1,0,0
BV/20230321-UltimateAutomizerSvcomp2023/soft_float_4-1.c.cil.c_8.smt2,0,0,0,0,0,0,0,0,0,0,0,0,1,0,0
BV/20230321-UltimateAutomizerSvcomp2023/soft_float_1-2.c.cil.c_6.smt2,0,0,0,0,0,0,0,0,0,0,0,0,1,0,0
BV/20230321-UltimateAutomizerSvcomp2023/heapsort.i_2.smt2,0,0,0,0,0,0,0,0,0,0,0,0,1,0,0
BV/20230321-UltimateAutomizerSvcomp2023/soft_float_4-2.c.cil.c_7.smt2,0,0,0,0,0,0,0,0,0,0,0,0,1,0,0
BV/20230321-UltimateAutomizerSvcomp2023/jain_6-1.c_6.smt2,0,0,0,0,0,0,0,0,0,0,0,0,1,0,0
BV/20230321-UltimateAutomizerSvcomp2023/heapsort.i_6.smt2,0,0,0,0,0,0,0,0,0,0,0,0,1,0,0
BV/20230321-UltimateAutomizerSvcomp2023/soft_float_4-1.c.cil.c_1.smt2,0,0,0,0,0,0,0,0,0,0,0,0,1,0,0
BV/20230321-UltimateAutomizerSvcomp2023/soft_float_1-1.c.cil.c_10.smt2,0,0,0,0,0,0,0,0,0,0,0,0,1,0,0
BV/20230321-UltimateAutomizerSvcomp2023/jain_2-2.c_9.smt2,0,0,0,0,0,0,0,0,0,0,0,0,1,0,0
BV/20230321-UltimateAutomizerSvcomp2023/soft_float_4-2a.c.cil.c_10.smt2,0,0,0,0,0,0,0,0,0,0,0,0,1,0,0
BV/20230321-UltimateAutomizerSvcomp2023/linear-inequality-inv-a.c_5.smt2,0,0,0,0,0,0,0,0,0,0,0,0,1,0,0
BV/20230321-UltimateAutomizerSvcomp2023/soft_float_4-2a.c.cil.c_8.smt2,0,0,0,0,0,0,0,0,0,0,0,0,1,0,0
BV/20230321-UltimateAutomizerSvcomp2023/jain_7-1.c_0.smt2,0,0,0,0,0,0,0,0,0,0,0,0,1,0,0
BV/20230321-UltimateAutomizerSvcomp2023/jain_7-1.c_4.smt2,0,0,0,0,0,0,0,0,0,0,0,0,1,0,0
BV/20230321-UltimateAutomizerSvcomp2023/soft_float_1-1.c.cil.c_6.smt2,0,0,0,0,0,0,0,0,0,0,0,0,1,0,0
BV/20230321-UltimateAutomizerSvcomp2023/Primes.c_3.smt2,0,0,0,0,0,0,0,0,0,0,0,0,1,0,0
BV/20230321-UltimateAutomizerSvcomp2023/btor2c-eagerMod.unsafe_arbitrated_fifos_n2d8w8.c_1.smt2,0,0,0,0,0,0,0,0,0,0,0,0,1,0,0
BV/2020-Preiner-fmcad20/cons/check_cc_bvadd_x_s_4.smt2,0,0,0,0,0,0,1,0,0,0,0,0,0,0,0
BV/2020-Preiner-fmcad20/cons/check_cc_bvashr_x_s_32.smt2,0,0,0,0,0,0,1,0,0,0,0,0,0,0,0
BV/2020-Preiner-fmcad20/cons/check_cc_bvult_x_s_32.smt2,0,0,0,0,0,0,1,0,0,0,0,0,0,0,0
BV/2020-Preiner-fmcad20/cons/check_cc_concat_s_x_32.smt2,0,0,0,0,0,0,1,0,0,0,0,0,0,0,0
BV/2020-Preiner-fmcad20/cons/check_cc_bvshl_x_s_32.smt2,0,0,0,0,0,0,1,0,0,0,0,0,0,0,0
BV/2020-Preiner-fmcad20/cons/check_cc_bvxor_x_s_32.smt2,0,0,0,0,0,0,1,0,0,0,0,0,0,0,0
BV/2020-Preiner-fmcad20/cons/check_cc_bvuge_s_x_64.smt2,0,0,0,0,0,0,1,0,0,0,0,0,0,0,0
BV/2020-Preiner-fmcad20/cons/check_cc_bvand_x_s_4.smt2,0,0,0,0,0,0,1,0,0,0,0,0,0,0,0
BV/2020-Preiner-fmcad20/cons/check_cc_bvsge_s_x_64.smt2,0,0,0,0,0,0,1,0,0,0,0,0,0,0,0
BV/2020-Preiner-fmcad20/cons/check_cc_x_s_32.smt2,0,0,0,0,0,0,1,0,0,0,0,0,0,0,0
BV/2020-Preiner-fmcad20/cons/check_cc_distinct_x_s_64.smt2,0,0,0,0,0,0,1,0,0,0,0,0,0,0,0
BV/2020-Preiner-fmcad20/cons/check_cc_bvsge_s_x_32.smt2,0,0,0,0,0,0,1,0,0,0,0,0,0,0,0
BV/2020-Preiner-fmcad20/cons/check_cc_bvsge_x_s_32.smt2,0,0,0,0,0,0,1,0,0,0,0,0,0,0,0
BV/2020-Preiner-fmcad20/cons/check_cc_bvlshr_s_x_4.smt2,0,0,0,0,0,0,1,0,0,0,0,0,0,0,0
BV/2020-Preiner-fmcad20/cons/check_cc_bvuge_s_x_32.smt2,0,0,0,0,0,0,1,0,0,0,0,0,0,0,0
BV/2020-Preiner-fmcad20/cons/check_cc_bvshl_s_x_4.smt2,0,0,0,0,0,0,1,0,0,0,0,0,0,0,0
BV/2020-Preiner-fmcad20/cons/check_cc_bvlshr_s_x_32.smt2,0,0,0,0,0,0,1,0,0,0,0,0,0,0,0
BV/2020-Preiner-fmcad20/cons/check_cc_udiv_s_x_32.smt2,0,0,0,0,0,0,1,0,0,0,0,0,0,0,0
BV/2020-Preiner-fmcad20/cons/check_cc_bvuge_x_s_32.smt2,0,0,0,0,0,0,1,0,0,0,0,0,0,0,0
BV/2020-Preiner-fmcad20/cons/check_cc_udiv_x_s_32.smt2,0,0,0,0,0,0,1,0,0,0,0,0,0,0,0
BV/2020-Preiner-fmcad20/cons/check_cc_bvslt_x_s_4.smt2,0,0,0,0,0,0,1,0,0,0,0,0,0,0,0
BV/2020-Preiner-fmcad20/cons/check_cc_bvslt_s_x_32.smt2,0,0,0,0,0,0,1,0,0,0,0,0,0,0,0
BV/2020-Preiner-fmcad20/cons/check_cc_bvlshr_x_s_4.smt2,0,0,0,0,0,0,1,0,0,0,0,0,0,0,0
BV/2020-Preiner-fmcad20/cons/check_cc_bvult_x_s_64.smt2,0,0,0,0,0,0,1,0,0,0,0,0,0,0,0
BV/2020-Preiner-fmcad20/cons/check_cc_udiv_x_s_64.smt2,0,0,0,0,0,0,1,0,0,0,0,0,0,0,0
BV/2020-Preiner-fmcad20/cons/check_cc_bvshl_x_s_64.smt2,0,0,0,0,0,0,1,0,0,0,0,0,0,0,0
BV/2020-Preiner-fmcad20/cons/check_cc_bvand_x_s_32.smt2,0,0,0,0,0,0,1,0,0,0,0,0,0,0,0
BV/2020-Preiner-fmcad20/cons/check_cc_bvuge_x_s_4.smt2,0,0,0,0,0,0,1,0,0,0,0,0,0,0,0
BV/2020-Preiner-fmcad20/cons/check_cc_bvashr_x_s_64.smt2,0,0,0,0,0,0,1,0,0,0,0,0,0,0,0
BV/2020-Preiner-fmcad20/cons/check_cc_concat_x_s_32.smt2,0,0,0,0,0,0,1,0,0,0,0,0,0,0,0
BV/2020-Preiner-fmcad20/cons/check_cc_distinct_x_s_32.smt2,0,0,0,0,0,0,1,0,0,0,0,0,0,0,0
BV/2020-Preiner-fmcad20/cons/check_cc_x_s_64.smt2,0,0,0,0,0,0,1,0,0,0,0,0,0,0,0
BV/2020-Preiner-fmcad20/cons/check_cc_urem_x_s_4.smt2,0,0,0,0,0,0,1,0,0,0,0,0,0,0,0
BV/2020-Preiner-fmcad20/cons/check_cc_concat_s_x_4.smt2,0,0,0,0,0,0,1,0,0,0,0,0,0,0,0
BV/2020-Preiner-fmcad20/cons/check_cc_bvadd_x_s_64.smt2,0,0,0,0,0,0,1,0,0,0,0,0,0,0,0
BV/2020-Preiner-fmcad20/cons/check_cc_bvslt_x_s_32.smt2,0,0,0,0,0,0,1,0,0,0,0,0,0,0,0
BV/2020-Preiner-fmcad20/cons/check_cc_urem_x_s_32.smt2,0,0,0,0,0,0,1,0,0,0,0,0,0,0,0
BV/2020-Preiner-fmcad20/inv/check_ic_bvsge_s_x_64.smt2,0,0,0,0,0,0,1,0,0,0,0,0,0,0,0
BV/2020-Preiner-fmcad20/inv/check_ic_x_s_4.smt2,0,0,0,0,0,0,1,0,0,0,0,0,0,0,0
BV/2020-Preiner-fmcad20/inv/check_ic_sext_1_4.smt2,0,0,0,0,0,0,1,0,0,0,0,0,0,0,0
BV/2020-Preiner-fmcad20/inv/check_ic_sext_3_4.smt2,0,0,0,0,0,0,1,0,0,0,0,0,0,0,0
BV/2020-Preiner-fmcad20/inv/check_ic_bvshl_x_s_4.smt2,0,0,0,0,0,0,1,0,0,0,0,0,0,0,0
BV/2020-Preiner-fmcad20/inv/check_ic_bvsge_x_s_4.smt2,0,0,0,0,0,0,1,0,0,0,0,0,0,0,0
BV/2020-Preiner-fmcad20/inv/check_ic_bvshl_s_x_4.smt2,0,0,0,0,0,0,1,0,0,0,0,0,0,0,0
BV/2020-Preiner-fmcad20/inv/check_ic_concat_x_s_64.smt2,0,0,0,0,0,0,1,0,0,0,0,0,0,0,0
BV/2020-Preiner-fmcad20/inv/check_ic_bvsge_s_x_32.smt2,0,0,0,0,0,0,1,0,0,0,0,0,0,0,0
BV/2020-Preiner-fmcad20/inv/check_ic_bvsge_x_s_32.smt2,0,0,0,0,0,0,1,0,0,0,0,0,0,0,0
BV/2020-Preiner-fmcad20/inv/check_ic_bvurem_s_x_32.smt2,0,0,0,0,0,0,1,0,0,0,0,0,0,0,0
BV/2020-Preiner-fmcad20/inv/check_ic_concat_s_x_64.smt2,0,0,0,0,0,0,1,0,0,0,0,0,0,0,0
BV/2020-Preiner-fmcad20/inv/check_ic_bvadd_x_s_32.smt2,0,0,0,0,0,0,1,0,0,0,0,0,0,0,0
BV/2020-Preiner-fmcad20/inv/check_ic_concat_s_x_4.smt2,0,0,0,0,0,0,1,0,0,0,0,0,0,0,0
BV/2020-Preiner-fmcad20/inv/check_ic_bvurem_s_x_4.smt2,0,0,0,0,0,0,1,0,0,0,0,0,0,0,0
BV/2020-Preiner-fmcad20/inv/check_ic_sext_2_32.smt2,0,0,0,0,0,0,1,0,0,0,0,0,0,0,0
BV/2020-Preiner-fmcad20/inv/check_ic_sext_4_4.smt2,0,0,0,0,0,0,1,0,0,0,0,0,0,0,0
BV/2020-Preiner-fmcad20/inv/check_ic_bvashr_x_s_4.smt2,0,0,0,0,0,0,1,0,0,0,0,0,0,0,0
BV/2020-Preiner-fmcad20/inv/check_ic_bvlshr_s_x_4.smt2,0,0,0,0,0,0,1,0,0,0,0,0,0,0,0
BV/2020-Preiner-fmcad20/inv/check_ic_sext_4_32.smt2,0,0,0,0,0,0,1,0,0,0,0,0,0,0,0
BV/2020-Preiner-fmcad20/inv/check_ic_distinct_x_s_4.smt2,0,0,0,0,0,0,1,0,0,0,0,0,0,0,0
BV/2020-Preiner-fmcad20/inv/check_ic_distinct_x_s_64.smt2,0,0,0,0,0,0,1,0,0,0,0,0,0,0,0
BV/2020-Preiner-fmcad20/inv/check_ic_sext_4_64.smt2,0,0,0,0,0,0,1,0,0,0,0,0,0,0,0
BV/2020-Preiner-fmcad20/inv/check_ic_bvshl_s_x_32.smt2,0,0,0,0,0,0,1,0,0,0,0,0,0,0,0
BV/2020-Preiner-fmcad20/inv/check_ic_bvurem_s_x_64.smt2,0,0,0,0,0,0,1,0,0,0,0,0,0,0,0
BV/2020-Preiner-fmcad20/inv/check_ic_sext_3_64.smt2,0,0,0,0,0,0,1,0,0,0,0,0,0,0,0
BV/2020-Preiner-fmcad20/inv/check_ic_bvshl_x_s_32.smt2,0,0,0,0,0,0,1,0,0,0,0,0,0,0,0
BV/2020-Preiner-fmcad20/inv/check_ic_bvuge_s_x_64.smt2,0,0,0,0,0,0,1,0,0,0,0,0,0,0,0
BV/2020-Preiner-fmcad20/inv/check_ic_bvxor_x_s_32.smt2,0,0,0,0,0,0,1,0,0,0,0,0,0,0,0
BV/2020-Preiner-fmcad20/inv/check_ic_bvult_x_s_64.smt2,0,0,0,0,0,0,1,0,0,0,0,0,0,0,0
BV/2020-Preiner-fmcad20/inv/check_ic_concat_s_x_32.smt2,0,0,0,0,0,0,1,0,0,0,0,0,0,0,0
BV/2020-Preiner-fmcad20/inv/check_ic_distinct_x_s_32.smt2,0,0,0,0,0,0,1,0,0,0,0,0,0,0,0
BV/2020-Preiner-fmcad20/inv/check_ic_bvuge_x_s_64.smt2,0,0,0,0,0,0,1,0,0,0,0,0,0,0,0
BV/2020-Preiner-fmcad20/inv/check_ic_bvult_s_x_32.smt2,0,0,0,0,0,0,1,0,0,0,0,0,0,0,0
BV/2020-Preiner-fmcad20/inv/check_ic_sext_2_4.smt2,0,0,0,0,0,0,1,0,0,0,0,0,0,0,0
BV/2020-Preiner-fmcad20/inv/check_ic_concat_x_s_4.smt2,0,0,0,0,0,0,1,0,0,0,0,0,0,0,0
BV/2020-Preiner-fmcad20/inv/check_ic_bvlshr_x_s_32.smt2,0,0,0,0,0,0,1,0,0,0,0,0,0,0,0
BV/2020-Preiner-fmcad20/inv/check_ic_bvslt_x_s_64.smt2,0,0,0,0,0,0,1,0,0,0,0,0,0,0,0
BV/2020-Preiner-fmcad20/inv/check_ic_bvsge_x_s_64.smt2,0,0,0,0,0,0,1,0,0,0,0,0,0,0,0
BV/2020-Preiner-fmcad20/inv/check_ic_bvult_s_x_4.smt2,0,0,0,0,0,0,1,0,0,0,0,0,0,0,0
BV/2020-Preiner-fmcad20/inv/check_ic_bvurem_x_s_64.smt2,0,0,0,0,0,0,1,0,0,0,0,0,0,0,0
BV/2020-Preiner-fmcad20/inv/check_ic_bvsge_s_x_4.smt2,0,0,0,0,0,0,1,0,0,0,0,0,0,0,0
BV/2020-Preiner-fmcad20/inv/check_ic_bvmul_x_s_64.smt2,0,0,0,0,0,0,1,0,0,0,0,0,0,0,0
BV/2020-Preiner-fmcad20/inv/check_ic_bvshl_s_x_64.smt2,0,0,0,0,0,0,1,0,0,0,0,0,0,0,0
BV/2020-Preiner-fmcad20/inv/check_ic_bvudiv_s_x_4.smt2,0,0,0,0,0,0,1,0,0,0,0,0,0,0,0
BV/2020-Preiner-fmcad20/inv/check_ic_bvmul_x_s_4.smt2,0,0,0,0,0,0,1,0,0,0,0,0,0,0,0
